op_type	unit	n_copies	count	total_positions	rate	penalty_score	low_count
D	AAC	3	187	418171	0.000447	10.000000	False
D	AAC	4	46	118189	0.000389	10.000000	True
D	AAC	5	16	62589	0.000256	10.000000	True
D	AAC	6	10	35130	0.000285	10.000000	True
D	AAC	7	4	19770	0.000202	10.000000	True
D	AAC	8	5	10708	0.000467	10.000000	True
D	AAC	9	1	6192	0.000161	10.000000	True
D	AAC	11	1	2360	0.000424	10.000000	True
D	AAG	3	2506	682369	0.003672	5.042483	False
D	AAG	4	174	44935	0.003872	4.782354	False
D	AAG	5	36	11786	0.003054	6.062757	True
D	AAG	6	12	5129	0.002340	7.915123	True
D	AAG	7	6	1864	0.003219	5.753086	True
D	AAG	8	2	954	0.002096	8.833333	True
D	AAG	10	2	461	0.004338	4.268519	True
D	AAG	13	1	10	0.100000	0.185185	True
D	AAG	20	1	57	0.017544	1.055556	True
D	AAT	3	755	1218439	0.000620	10.000000	False
D	AAT	4	102	209926	0.000486	10.000000	False
D	AAT	5	31	70255	0.000441	10.000000	True
D	AAT	6	12	38244	0.000314	10.000000	True
D	AAT	7	5	18802	0.000266	10.000000	True
D	AAT	8	2	10964	0.000182	10.000000	True
D	AAT	13	1	6089	0.000164	10.000000	True
D	AC	3	75953	17774847	0.004273	4.333783	False
D	AC	4	25820	3079239	0.008385	2.208480	False
D	AC	5	12676	1047575	0.012100	1.530415	False
D	AC	6	8041	577445	0.013925	1.329863	False
D	AC	7	4987	356491	0.013989	1.323779	False
D	AC	8	3042	228277	0.013326	1.389662	False
D	AC	9	1785	166695	0.010708	1.729381	False
D	AC	10	1777	146134	0.012160	1.522895	False
D	AC	11	1280	133693	0.009574	1.934216	False
D	AC	12	1042	137638	0.007571	2.446115	False
D	AC	13	1088	135958	0.008002	2.314100	False
D	AC	14	808	132072	0.006118	3.026953	False
D	AC	15	840	139301	0.006030	3.071010	False
D	AC	16	670	139978	0.004786	3.868933	False
D	AC	17	597	140167	0.004259	4.347881	False
D	AC	18	536	128035	0.004186	4.423542	False
D	AC	19	501	122380	0.004094	4.523546	False
D	AC	20	293	101896	0.002875	6.440147	False
D	AC	21	282	90509	0.003116	5.943591	False
D	AC	22	216	73950	0.002921	6.340021	False
D	AC	23	160	58718	0.002725	6.796065	False
D	AC	24	120	35369	0.003393	5.458179	False
D	AC	25	95	18593	0.005109	3.624366	False
D	AC	26	65	14869	0.004372	4.236182	False
D	AC	27	17	7418	0.002292	8.080610	True
D	ACC	3	387	900096	0.000430	10.000000	False
D	ACC	4	19	37150	0.000511	10.000000	True
D	ACC	5	7	9038	0.000775	10.000000	True
D	ACC	6	5	3835	0.001304	10.000000	True
D	ACG	3	59	9858	0.005985	3.094162	False
D	ACG	5	6	545	0.011009	1.682099	True
D	ACT	3	2546	388433	0.006555	2.825296	False
D	ACT	4	254	25962	0.009784	1.892826	False
D	ACT	5	71	6145	0.011554	1.602765	False
D	ACT	6	33	2729	0.012092	1.531425	True
D	ACT	7	7	1219	0.005742	3.224868	True
D	ACT	8	12	609	0.019704	0.939815	True
D	ACT	9	3	545	0.005505	3.364198	True
D	ACT	14	3	842	0.003563	5.197531	True
D	ACT	16	3	298	0.010067	1.839506	True
D	ACT	17	9	439	0.020501	0.903292	True
D	AG	3	147344	21255678	0.006932	2.671460	False
D	AG	4	38709	3354313	0.011540	1.604715	False
D	AG	5	10563	715377	0.014766	1.254163	False
D	AG	6	4838	319757	0.015130	1.223941	False
D	AG	7	2877	198252	0.014512	1.276098	False
D	AG	8	2131	132338	0.016103	1.150025	False
D	AG	9	1298	84062	0.015441	1.199309	False
D	AG	10	897	55900	0.016047	1.154053	False
D	AG	11	484	38586	0.012543	1.476354	False
D	AG	12	375	28629	0.013099	1.413778	False
D	AG	13	202	19897	0.010152	1.824074	False
D	AG	14	166	17543	0.009462	1.957050	False
D	AG	15	105	13242	0.007929	2.335450	False
D	AG	16	136	10825	0.012564	1.473992	False
D	AG	17	53	5621	0.009429	1.964011	False
D	AG	18	46	6332	0.007265	2.549114	True
D	AG	19	44	5253	0.008376	2.210859	True
D	AG	20	27	3334	0.008098	2.286694	True
D	AG	21	15	3320	0.004518	4.098765	True
D	AG	22	26	2895	0.008981	2.061966	True
D	AG	23	28	2520	0.011111	1.666667	True
D	AG	24	48	1748	0.027460	0.674383	True
D	AGC	3	3362	1279738	0.002627	7.049034	False
D	AGC	4	447	104094	0.004294	4.312453	False
D	AGC	5	147	26578	0.005531	3.348199	False
D	AGC	6	64	10695	0.005984	3.094618	False
D	AGC	7	39	7328	0.005322	3.479582	True
D	AGC	8	30	4317	0.006949	2.664815	True
D	AGC	9	33	1222	0.027005	0.685746	True
D	AGC	10	6	1553	0.003863	4.793210	True
D	AGC	12	16	646	0.024768	0.747685	True
D	AGC	13	3	306	0.009804	1.888889	True
D	AGC	15	18	183	0.098361	0.188272	True
D	AGC	16	11	240	0.045833	0.404040	True
D	AGG	3	567	600885	0.000944	10.000000	False
D	AGG	4	34	63262	0.000537	10.000000	True
D	AGG	5	9	15651	0.000575	10.000000	True
D	AGG	6	4	6559	0.000610	10.000000	True
D	AGG	10	1	283	0.003534	5.240741	True
D	AGT	3	2654	384891	0.006895	2.685611	False
D	AGT	4	291	25957	0.011211	1.651839	False
D	AGT	5	132	7123	0.018532	0.999299	False
D	AGT	6	21	3099	0.006776	2.732804	True
D	AGT	7	12	1042	0.011516	1.608025	True
D	AGT	10	3	321	0.009346	1.981481	True
D	AGT	11	6	563	0.010657	1.737654	True
D	AGT	12	3	149	0.020134	0.919753	True
D	AGT	13	15	318	0.047170	0.392593	True
D	AT	3	113641	29771844	0.003817	4.851510	False
D	AT	4	42480	6035865	0.007038	2.631245	False
D	AT	5	15173	1447940	0.010479	1.767199	False
D	AT	6	8402	710286	0.011829	1.565514	False
D	AT	7	5089	422600	0.012042	1.537812	False
D	AT	8	2464	234975	0.010486	1.765986	False
D	AT	9	1293	138690	0.009323	1.986337	False
D	AT	10	571	84006	0.006797	2.724460	False
D	AT	11	404	60956	0.006628	2.794096	False
D	AT	12	235	40559	0.005794	3.196139	False
D	AT	13	234	32020	0.007308	2.534030	False
D	AT	14	179	24930	0.007180	2.579143	False
D	AT	15	134	19817	0.006762	2.738668	False
D	AT	16	151	15330	0.009850	1.880059	False
D	AT	17	184	13264	0.013872	1.334944	False
D	AT	18	123	12782	0.009623	1.924420	False
D	AT	19	144	11357	0.012679	1.460520	False
D	AT	20	183	10373	0.017642	1.049686	False
D	AT	21	237	11836	0.020024	0.924832	False
D	AT	22	269	11761	0.022872	0.809652	False
D	AT	23	138	8721	0.015824	1.170290	False
D	AT	24	117	5649	0.020712	0.894112	False
D	AT	25	49	4930	0.009939	1.863190	True
D	AT	26	62	4834	0.012826	1.443847	False
D	AT	27	82	2721	0.030136	0.614499	False
D	AT	28	13	2023	0.006426	2.881766	True
D	ATC	3	4123	1088232	0.003789	4.887811	False
D	ATC	4	543	95089	0.005710	3.242923	False
D	ATC	5	172	31661	0.005433	3.408807	False
D	ATC	6	118	20938	0.005636	3.285938	False
D	ATC	7	97	12741	0.007613	2.432417	False
D	ATC	8	34	5942	0.005722	3.236383	True
D	ATC	9	32	4861	0.006583	2.813079	True
D	ATC	10	17	4666	0.003643	5.082789	True
D	ATC	11	8	3056	0.002618	7.074074	True
D	ATC	13	3	3174	0.000945	10.000000	True
D	ATC	14	12	2662	0.004508	4.108025	True
D	ATC	15	6	1074	0.005587	3.314815	True
D	ATC	16	3	994	0.003018	6.135802	True
D	ATC	17	4	166	0.024096	0.768519	True
D	ATG	3	4440	1089478	0.004075	4.544036	False
D	ATG	4	603	97088	0.006211	2.981635	False
D	ATG	5	220	35866	0.006134	3.019024	False
D	ATG	6	91	19408	0.004689	3.949532	False
D	ATG	7	33	10322	0.003197	5.792368	True
D	ATG	8	22	6790	0.003240	5.715488	True
D	ATG	9	11	5512	0.001996	9.279461	True
D	ATG	10	12	4015	0.002989	6.195988	True
D	ATG	11	9	1955	0.004604	4.022634	True
D	ATG	12	3	3177	0.000944	10.000000	True
D	ATG	13	9	4344	0.002072	8.938272	True
D	ATG	15	9	2207	0.004078	4.541152	True
D	ATT	3	481	1211501	0.000397	10.000000	False
D	ATT	4	84	202442	0.000415	10.000000	False
D	ATT	5	40	69335	0.000577	10.000000	True
D	ATT	6	8	38088	0.000210	10.000000	True
D	ATT	7	7	19926	0.000351	10.000000	True
D	ATT	8	3	10080	0.000298	10.000000	True
D	ATT	9	1	7019	0.000142	10.000000	True
D	ATT	11	1	5025	0.000199	10.000000	True
D	ATT	13	1	6458	0.000155	10.000000	True
D	ATT	14	2	5846	0.000342	10.000000	True
D	ATT	15	2	3737	0.000535	10.000000	True
D	CCG	3	23	38997	0.000590	10.000000	True
D	CCG	4	4	8264	0.000484	10.000000	True
D	CCG	5	3	3206	0.000936	10.000000	True
D	CCG	6	1	2008	0.000498	10.000000	True
D	CCT	3	515	597706	0.000862	10.000000	False
D	CCT	4	53	61709	0.000859	10.000000	False
D	CCT	5	5	14665	0.000341	10.000000	True
D	CCT	7	1	2577	0.000388	10.000000	True
D	CG	3	2350	575351	0.004084	4.533893	False
D	CG	4	554	107562	0.005151	3.595467	False
D	CG	5	163	16006	0.010184	1.818450	False
D	CG	6	60	6283	0.009550	1.939198	False
D	CG	7	23	2959	0.007773	2.382448	True
D	CG	8	20	1500	0.013333	1.388889	True
D	CG	9	24	647	0.037094	0.499228	True
D	CG	12	8	160	0.050000	0.370370	True
D	CGG	3	12	40287	0.000298	10.000000	True
D	CGG	4	3	8575	0.000350	10.000000	True
D	CGG	6	2	2264	0.000883	10.000000	True
D	CGG	7	1	1444	0.000693	10.000000	True
D	CGT	3	71	10862	0.006537	2.833073	False
D	CGT	4	6	1246	0.004815	3.845679	True
D	CGT	5	6	176	0.034091	0.543210	True
D	CT	3	146745	21180550	0.006928	2.672884	False
D	CT	4	39386	3353662	0.011744	1.576826	False
D	CT	5	11082	717892	0.015437	1.199630	False
D	CT	6	5008	316177	0.015839	1.169155	False
D	CT	7	3660	210600	0.017379	1.065574	False
D	CT	8	2149	128411	0.016735	1.106553	False
D	CT	9	1413	83703	0.016881	1.096996	False
D	CT	10	858	55219	0.015538	1.191811	False
D	CT	11	495	37350	0.013253	1.397306	False
D	CT	12	319	28823	0.011068	1.673227	False
D	CT	13	249	21057	0.011825	1.566042	False
D	CT	14	221	17180	0.012864	1.439584	False
D	CT	15	181	14558	0.012433	1.489462	False
D	CT	16	121	11162	0.010840	1.708295	False
D	CT	17	54	8627	0.006259	2.958505	False
D	CT	18	24	5567	0.004311	4.295525	True
D	CT	19	63	4499	0.014003	1.322457	False
D	CT	20	13	4127	0.003150	5.878917	True
D	CT	21	34	3663	0.009282	1.995098	True
D	CT	22	4	2051	0.001950	9.495370	True
D	CT	23	4	2023	0.001977	9.365741	True
D	CT	24	4	730	0.005479	3.379630	True
D	CT	25	13	1091	0.011916	1.554131	True
D	CT	30	7	349	0.020057	0.923280	True
D	CT	33	3	327	0.009174	2.018519	True
D	CTG	3	3525	1300957	0.002710	6.834552	False
D	CTG	4	463	108796	0.004256	4.351492	False
D	CTG	5	142	26020	0.005457	3.393323	False
D	CTG	6	77	10889	0.007071	2.618807	False
D	CTG	7	24	7536	0.003185	5.814815	True
D	CTG	8	19	4178	0.004548	4.072125	True
D	CTG	9	36	1855	0.019407	0.954218	True
D	CTG	10	10	1041	0.009606	1.927778	True
D	CTG	13	9	432	0.020833	0.888889	True
D	CTG	14	14	492	0.028455	0.650794	True
D	CTG	16	36	483	0.074534	0.248457	True
D	CTT	3	2389	668685	0.003573	5.183364	False
D	CTT	4	134	41527	0.003227	5.738944	False
D	CTT	5	28	10966	0.002553	7.252646	True
D	CTT	6	5	4847	0.001032	10.000000	True
D	CTT	7	8	2062	0.003880	4.773148	True
D	CTT	24	1	55	0.018182	1.018519	True
D	GGT	3	314	937260	0.000335	10.000000	False
D	GGT	4	32	39402	0.000812	10.000000	True
D	GGT	5	3	9458	0.000317	10.000000	True
D	GGT	6	3	3338	0.000899	10.000000	True
D	GT	3	73900	17804518	0.004151	4.461614	False
D	GT	4	24797	3104339	0.007988	2.318335	False
D	GT	5	11572	1047301	0.011049	1.675982	False
D	GT	6	7085	573986	0.012344	1.500264	False
D	GT	7	4573	367313	0.012450	1.487446	False
D	GT	8	2788	233016	0.011965	1.547744	False
D	GT	9	1830	168603	0.010854	1.706163	False
D	GT	10	1286	143540	0.008959	2.066989	False
D	GT	11	1128	134677	0.008376	2.211009	False
D	GT	12	1054	135062	0.007804	2.373006	False
D	GT	13	882	135768	0.006496	2.850592	False
D	GT	14	707	133178	0.005309	3.488344	False
D	GT	15	593	137971	0.004298	4.308632	False
D	GT	16	618	139834	0.004420	4.190159	False
D	GT	17	496	139208	0.003563	5.197431	False
D	GT	18	455	129686	0.003508	5.278225	False
D	GT	19	402	110300	0.003645	5.081076	False
D	GT	20	299	107540	0.002780	6.660473	False
D	GT	21	289	87375	0.003308	5.598808	False
D	GT	22	221	69265	0.003191	5.804005	False
D	GT	23	178	54454	0.003269	5.665210	False
D	GT	24	168	38276	0.004389	4.219136	False
D	GT	25	90	18560	0.004849	3.818930	False
D	GT	26	18	10109	0.001781	10.000000	True
D	GT	27	10	5997	0.001668	10.000000	True
D	GT	30	11	1538	0.007152	2.589226	True
D	GTT	3	171	423421	0.000404	10.000000	False
D	GTT	4	47	116938	0.000402	10.000000	True
D	GTT	5	27	64597	0.000418	10.000000	True
D	GTT	6	14	34138	0.000410	10.000000	True
D	GTT	7	2	20038	0.000100	10.000000	True
D	GTT	8	3	11549	0.000260	10.000000	True
D	GTT	11	3	2245	0.001336	10.000000	True
M	AAC	3	417787	418171	0.999082	0.018536	False
M	AAC	4	118092	118189	0.999179	0.018534	False
M	AAC	5	62550	62589	0.999377	0.018530	False
M	AAC	6	35114	35130	0.999545	0.018527	False
M	AAC	7	19762	19770	0.999595	0.018526	False
M	AAC	8	10702	10708	0.999440	0.018529	False
M	AAC	9	6189	6192	0.999516	0.018527	False
M	AAC	10	3429	3429	1.000000	0.018519	False
M	AAC	11	2357	2360	0.998729	0.018542	False
M	AAC	12	1480	1480	1.000000	0.018519	False
M	AAC	13	1336	1337	0.999252	0.018532	False
M	AAC	14	613	614	0.998371	0.018549	False
M	AAC	15	889	889	1.000000	0.018519	False
M	AAC	16	192	192	1.000000	0.018519	False
M	AAC	17	59	59	1.000000	0.018519	False
M	AAC	18	47	47	1.000000	0.018519	True
M	AAG	3	677416	682369	0.992741	0.018654	False
M	AAG	4	44632	44935	0.993257	0.018644	False
M	AAG	5	11721	11786	0.994485	0.018621	False
M	AAG	6	5105	5129	0.995321	0.018606	False
M	AAG	7	1852	1864	0.993562	0.018639	False
M	AAG	8	950	954	0.995807	0.018596	False
M	AAG	9	371	371	1.000000	0.018519	False
M	AAG	10	458	461	0.993492	0.018640	False
M	AAG	11	185	185	1.000000	0.018519	False
M	AAG	13	9	10	0.900000	0.020576	True
M	AAG	14	86	86	1.000000	0.018519	False
M	AAG	16	8	8	1.000000	0.018519	True
M	AAG	17	12	12	1.000000	0.018519	True
M	AAG	18	128	128	1.000000	0.018519	False
M	AAG	19	45	45	1.000000	0.018519	True
M	AAG	20	56	57	0.982456	0.018849	False
M	AAG	21	91	91	1.000000	0.018519	False
M	AAG	22	36	36	1.000000	0.018519	True
M	AAG	23	76	76	1.000000	0.018519	False
M	AAG	24	48	48	1.000000	0.018519	True
M	AAG	25	57	57	1.000000	0.018519	False
M	AAT	3	1216980	1218439	0.998803	0.018541	False
M	AAT	4	209743	209926	0.999128	0.018535	False
M	AAT	5	70207	70255	0.999317	0.018531	False
M	AAT	6	38224	38244	0.999477	0.018528	False
M	AAT	7	18793	18802	0.999521	0.018527	False
M	AAT	8	10959	10964	0.999544	0.018527	False
M	AAT	9	7817	7818	0.999872	0.018521	False
M	AAT	10	6086	6086	1.000000	0.018519	False
M	AAT	11	5349	5350	0.999813	0.018522	False
M	AAT	12	5553	5553	1.000000	0.018519	False
M	AAT	13	6087	6089	0.999672	0.018525	False
M	AAT	14	6061	6061	1.000000	0.018519	False
M	AAT	15	4096	4096	1.000000	0.018519	False
M	AAT	16	2176	2176	1.000000	0.018519	False
M	AAT	17	429	429	1.000000	0.018519	False
M	AAT	18	342	342	1.000000	0.018519	False
M	AAT	19	16	16	1.000000	0.018519	True
M	AC	3	17679326	17774847	0.994626	0.018619	False
M	AC	4	3051050	3079239	0.990845	0.018690	False
M	AC	5	1034386	1047575	0.987410	0.018755	False
M	AC	6	569159	577445	0.985651	0.018788	False
M	AC	7	351345	356491	0.985565	0.018790	False
M	AC	8	225146	228277	0.986284	0.018776	False
M	AC	9	164852	166695	0.988944	0.018726	False
M	AC	10	144320	146134	0.987587	0.018751	False
M	AC	11	132385	133693	0.990216	0.018701	False
M	AC	12	136553	137638	0.992117	0.018666	False
M	AC	13	134835	135958	0.991740	0.018673	False
M	AC	14	131240	132072	0.993700	0.018636	False
M	AC	15	138440	139301	0.993819	0.018634	False
M	AC	16	139288	139978	0.995071	0.018610	False
M	AC	17	139551	140167	0.995605	0.018600	False
M	AC	18	127487	128035	0.995720	0.018598	False
M	AC	19	121862	122380	0.995767	0.018597	False
M	AC	20	101592	101896	0.997017	0.018574	False
M	AC	21	90218	90509	0.996785	0.018578	False
M	AC	22	73724	73950	0.996944	0.018575	False
M	AC	23	58554	58718	0.997207	0.018570	False
M	AC	24	35245	35369	0.996494	0.018584	False
M	AC	25	18497	18593	0.994837	0.018615	False
M	AC	26	14803	14869	0.995561	0.018601	False
M	AC	27	7399	7418	0.997439	0.018566	False
M	AC	28	3421	3422	0.999708	0.018524	False
M	AC	29	1430	1431	0.999301	0.018531	False
M	AC	30	1101	1101	1.000000	0.018519	False
M	AC	31	256	256	1.000000	0.018519	False
M	AC	32	281	281	1.000000	0.018519	False
M	ACC	3	898871	900096	0.998639	0.018544	False
M	ACC	4	37102	37150	0.998708	0.018542	False
M	ACC	5	9026	9038	0.998672	0.018543	False
M	ACC	6	3829	3835	0.998435	0.018548	False
M	ACC	7	1927	1929	0.998963	0.018538	False
M	ACC	8	876	877	0.998860	0.018540	False
M	ACC	9	521	521	1.000000	0.018519	False
M	ACC	10	510	510	1.000000	0.018519	False
M	ACC	11	37	37	1.000000	0.018519	True
M	ACC	12	81	81	1.000000	0.018519	False
M	ACC	13	73	73	1.000000	0.018519	False
M	ACC	14	39	39	1.000000	0.018519	True
M	ACC	15	35	36	0.972222	0.019048	True
M	ACC	16	23	23	1.000000	0.018519	True
M	ACC	17	33	33	1.000000	0.018519	True
M	ACC	22	18	18	1.000000	0.018519	True
M	ACG	3	9780	9858	0.992088	0.018666	False
M	ACG	4	713	714	0.998599	0.018544	False
M	ACG	5	539	545	0.988991	0.018725	False
M	ACG	6	54	54	1.000000	0.018519	False
M	ACG	7	31	31	1.000000	0.018519	True
M	ACG	9	78	78	1.000000	0.018519	False
M	ACT	3	385500	388433	0.992449	0.018659	False
M	ACT	4	25694	25962	0.989677	0.018712	False
M	ACT	5	6070	6145	0.987795	0.018747	False
M	ACT	6	2695	2729	0.987541	0.018752	False
M	ACT	7	1209	1219	0.991797	0.018672	False
M	ACT	8	597	609	0.980296	0.018891	False
M	ACT	9	542	545	0.994495	0.018621	False
M	ACT	10	127	127	1.000000	0.018519	False
M	ACT	11	350	350	1.000000	0.018519	False
M	ACT	12	96	96	1.000000	0.018519	False
M	ACT	13	382	382	1.000000	0.018519	False
M	ACT	14	839	842	0.996437	0.018585	False
M	ACT	15	82	82	1.000000	0.018519	False
M	ACT	16	295	298	0.989933	0.018707	False
M	ACT	17	430	439	0.979499	0.018906	False
M	AG	3	21056190	21255678	0.990615	0.018694	False
M	AG	4	3308839	3354313	0.986443	0.018773	False
M	AG	5	703792	715377	0.983806	0.018823	False
M	AG	6	314532	319757	0.983659	0.018826	False
M	AG	7	195202	198252	0.984616	0.018808	False
M	AG	8	130097	132338	0.983066	0.018838	False
M	AG	9	82696	84062	0.983750	0.018824	False
M	AG	10	54963	55900	0.983238	0.018834	False
M	AG	11	38078	38586	0.986835	0.018766	False
M	AG	12	28235	28629	0.986238	0.018777	False
M	AG	13	19686	19897	0.989395	0.018717	False
M	AG	14	17373	17543	0.990310	0.018700	False
M	AG	15	13133	13242	0.991769	0.018672	False
M	AG	16	10687	10825	0.987252	0.018758	False
M	AG	17	5567	5621	0.990393	0.018698	False
M	AG	18	6285	6332	0.992577	0.018657	False
M	AG	19	5207	5253	0.991243	0.018682	False
M	AG	20	3306	3334	0.991602	0.018675	False
M	AG	21	3305	3320	0.995482	0.018603	False
M	AG	22	2869	2895	0.991019	0.018686	False
M	AG	23	2492	2520	0.988889	0.018727	False
M	AG	24	1700	1748	0.972540	0.019041	False
M	AG	25	1624	1626	0.998770	0.018541	False
M	AG	26	690	690	1.000000	0.018519	False
M	AG	27	430	430	1.000000	0.018519	False
M	AG	28	66	66	1.000000	0.018519	False
M	AG	29	190	190	1.000000	0.018519	False
M	AG	31	75	75	1.000000	0.018519	False
M	AGC	3	1274965	1279738	0.996270	0.018588	False
M	AGC	4	103557	104094	0.994841	0.018615	False
M	AGC	5	26412	26578	0.993754	0.018635	False
M	AGC	6	10630	10695	0.993922	0.018632	False
M	AGC	7	7288	7328	0.994541	0.018620	False
M	AGC	8	4284	4317	0.992356	0.018661	False
M	AGC	9	1189	1222	0.972995	0.019032	False
M	AGC	10	1547	1553	0.996137	0.018590	False
M	AGC	11	739	739	1.000000	0.018519	False
M	AGC	12	630	646	0.975232	0.018989	False
M	AGC	13	303	306	0.990196	0.018702	False
M	AGC	14	123	123	1.000000	0.018519	False
M	AGC	15	165	183	0.901639	0.020539	False
M	AGC	16	229	240	0.954167	0.019408	False
M	AGC	17	38	38	1.000000	0.018519	True
M	AGG	3	599168	600885	0.997143	0.018572	False
M	AGG	4	63065	63262	0.996886	0.018576	False
M	AGG	5	15629	15651	0.998594	0.018545	False
M	AGG	6	6552	6559	0.998933	0.018538	False
M	AGG	7	2126	2126	1.000000	0.018519	False
M	AGG	8	1584	1584	1.000000	0.018519	False
M	AGG	9	691	691	1.000000	0.018519	False
M	AGG	10	282	283	0.996466	0.018584	False
M	AGG	11	115	115	1.000000	0.018519	False
M	AGG	12	69	69	1.000000	0.018519	False
M	AGG	13	82	82	1.000000	0.018519	False
M	AGG	14	32	32	1.000000	0.018519	True
M	AGG	16	27	27	1.000000	0.018519	True
M	AGT	3	381872	384891	0.992156	0.018665	False
M	AGT	4	25649	25957	0.988134	0.018741	False
M	AGT	5	6987	7123	0.980907	0.018879	False
M	AGT	6	3078	3099	0.993224	0.018645	False
M	AGT	7	1030	1042	0.988484	0.018734	False
M	AGT	8	227	227	1.000000	0.018519	False
M	AGT	9	321	321	1.000000	0.018519	False
M	AGT	10	318	321	0.990654	0.018693	False
M	AGT	11	557	563	0.989343	0.018718	False
M	AGT	12	145	149	0.973154	0.019029	False
M	AGT	13	303	318	0.952830	0.019435	False
M	AGT	14	168	168	1.000000	0.018519	False
M	AGT	15	409	409	1.000000	0.018519	False
M	AGT	17	140	140	1.000000	0.018519	False
M	AGT	19	76	76	1.000000	0.018519	False
M	AT	3	29633908	29771844	0.995367	0.018605	False
M	AT	4	5990008	6035865	0.992403	0.018660	False
M	AT	5	1432069	1447940	0.989039	0.018724	False
M	AT	6	701528	710286	0.987670	0.018750	False
M	AT	7	417303	422600	0.987466	0.018754	False
M	AT	8	232402	234975	0.989050	0.018724	False
M	AT	9	137325	138690	0.990158	0.018703	False
M	AT	10	83405	84006	0.992846	0.018652	False
M	AT	11	60538	60956	0.993143	0.018646	False
M	AT	12	40299	40559	0.993590	0.018638	False
M	AT	13	31770	32020	0.992192	0.018664	False
M	AT	14	24742	24930	0.992459	0.018659	False
M	AT	15	19675	19817	0.992834	0.018652	False
M	AT	16	15172	15330	0.989693	0.018711	False
M	AT	17	13077	13264	0.985902	0.018783	False
M	AT	18	12652	12782	0.989829	0.018709	False
M	AT	19	11210	11357	0.987056	0.018761	False
M	AT	20	10186	10373	0.981972	0.018858	False
M	AT	21	11597	11836	0.979807	0.018900	False
M	AT	22	11486	11761	0.976618	0.018962	False
M	AT	23	8579	8721	0.983717	0.018825	False
M	AT	24	5532	5649	0.979288	0.018910	False
M	AT	25	4881	4930	0.990061	0.018704	False
M	AT	26	4772	4834	0.987174	0.018759	False
M	AT	27	2638	2721	0.969497	0.019101	False
M	AT	28	2009	2023	0.993080	0.018648	False
M	AT	29	123	124	0.991935	0.018669	False
M	AT	30	781	781	1.000000	0.018519	False
M	AT	31	400	400	1.000000	0.018519	False
M	AT	32	413	413	1.000000	0.018519	False
M	AT	33	29	29	1.000000	0.018519	True
M	AT	34	114	114	1.000000	0.018519	False
M	ATC	3	1083120	1088232	0.995302	0.018606	False
M	ATC	4	94488	95089	0.993680	0.018636	False
M	ATC	5	31479	31661	0.994252	0.018626	False
M	ATC	6	20816	20938	0.994173	0.018627	False
M	ATC	7	12638	12741	0.991916	0.018669	False
M	ATC	8	5908	5942	0.994278	0.018625	False
M	ATC	9	4828	4861	0.993211	0.018645	False
M	ATC	10	4649	4666	0.996357	0.018586	False
M	ATC	11	3048	3056	0.997382	0.018567	False
M	ATC	12	1876	1876	1.000000	0.018519	False
M	ATC	13	3171	3174	0.999055	0.018536	False
M	ATC	14	2650	2662	0.995492	0.018602	False
M	ATC	15	1068	1074	0.994413	0.018623	False
M	ATC	16	991	994	0.996982	0.018575	False
M	ATC	17	162	166	0.975904	0.018976	False
M	ATG	3	1084030	1089478	0.994999	0.018612	False
M	ATG	4	96411	97088	0.993027	0.018649	False
M	ATG	5	35626	35866	0.993308	0.018643	False
M	ATG	6	19305	19408	0.994693	0.018617	False
M	ATG	7	10288	10322	0.996706	0.018580	False
M	ATG	8	6762	6790	0.995876	0.018595	False
M	ATG	9	5500	5512	0.997823	0.018559	False
M	ATG	10	4001	4015	0.996513	0.018583	False
M	ATG	11	1946	1955	0.995396	0.018604	False
M	ATG	12	3174	3177	0.999056	0.018536	False
M	ATG	13	4334	4344	0.997698	0.018561	False
M	ATG	14	1640	1640	1.000000	0.018519	False
M	ATG	15	2197	2207	0.995469	0.018603	False
M	ATG	16	930	930	1.000000	0.018519	False
M	ATT	3	1210405	1211501	0.999095	0.018535	False
M	ATT	4	202272	202442	0.999160	0.018534	False
M	ATT	5	69270	69335	0.999063	0.018536	False
M	ATT	6	38068	38088	0.999475	0.018528	False
M	ATT	7	19917	19926	0.999548	0.018527	False
M	ATT	8	10073	10080	0.999306	0.018531	False
M	ATT	9	7016	7019	0.999573	0.018526	False
M	ATT	10	6138	6140	0.999674	0.018525	False
M	ATT	11	5023	5025	0.999602	0.018526	False
M	ATT	12	5405	5405	1.000000	0.018519	False
M	ATT	13	6456	6458	0.999690	0.018524	False
M	ATT	14	5843	5846	0.999487	0.018528	False
M	ATT	15	3735	3737	0.999465	0.018528	False
M	ATT	16	2241	2241	1.000000	0.018519	False
M	ATT	17	1144	1144	1.000000	0.018519	False
M	ATT	18	331	331	1.000000	0.018519	False
M	ATT	19	81	81	1.000000	0.018519	False
M	ATT	20	58	59	0.983051	0.018838	False
M	CCG	3	38943	38997	0.998615	0.018544	False
M	CCG	4	8256	8264	0.999032	0.018536	False
M	CCG	5	3202	3206	0.998752	0.018542	False
M	CCG	6	2006	2008	0.999004	0.018537	False
M	CCG	7	1012	1012	1.000000	0.018519	False
M	CCG	8	602	602	1.000000	0.018519	False
M	CCG	9	375	376	0.997340	0.018568	False
M	CCG	10	175	175	1.000000	0.018519	False
M	CCG	11	238	238	1.000000	0.018519	False
M	CCG	12	146	146	1.000000	0.018519	False
M	CCG	13	6	6	1.000000	0.018519	True
M	CCG	14	28	28	1.000000	0.018519	True
M	CCG	16	21	21	1.000000	0.018519	True
M	CCT	3	596049	597706	0.997228	0.018570	False
M	CCT	4	61507	61709	0.996727	0.018579	False
M	CCT	5	14645	14665	0.998636	0.018544	False
M	CCT	6	5813	5817	0.999312	0.018531	False
M	CCT	7	2575	2577	0.999224	0.018533	False
M	CCT	8	1326	1326	1.000000	0.018519	False
M	CCT	9	860	860	1.000000	0.018519	False
M	CCT	10	405	406	0.997537	0.018564	False
M	CCT	11	144	144	1.000000	0.018519	False
M	CCT	12	274	274	1.000000	0.018519	False
M	CCT	13	93	93	1.000000	0.018519	False
M	CCT	14	114	114	1.000000	0.018519	False
M	CCT	15	50	50	1.000000	0.018519	False
M	CG	3	571996	575351	0.994169	0.018627	False
M	CG	4	106830	107562	0.993195	0.018645	False
M	CG	5	15828	16006	0.988879	0.018727	False
M	CG	6	6216	6283	0.989336	0.018718	False
M	CG	7	2929	2959	0.989861	0.018708	False
M	CG	8	1477	1500	0.984667	0.018807	False
M	CG	9	621	647	0.959815	0.019294	False
M	CG	10	245	245	1.000000	0.018519	False
M	CG	11	63	63	1.000000	0.018519	False
M	CG	12	152	160	0.950000	0.019493	False
M	CGG	3	40239	40287	0.998809	0.018541	False
M	CGG	4	8566	8575	0.998950	0.018538	False
M	CGG	5	3252	3253	0.999693	0.018524	False
M	CGG	6	2260	2264	0.998233	0.018551	False
M	CGG	7	1442	1444	0.998615	0.018544	False
M	CGG	8	528	528	1.000000	0.018519	False
M	CGG	9	432	432	1.000000	0.018519	False
M	CGG	10	76	76	1.000000	0.018519	False
M	CGG	11	53	54	0.981481	0.018868	False
M	CGG	12	35	35	1.000000	0.018519	True
M	CGT	3	10771	10862	0.991622	0.018675	False
M	CGT	4	1237	1246	0.992777	0.018653	False
M	CGT	5	170	176	0.965909	0.019172	False
M	CGT	6	224	224	1.000000	0.018519	False
M	CGT	7	106	106	1.000000	0.018519	False
M	CT	3	20982739	21180550	0.990661	0.018693	False
M	CT	4	3307749	3353662	0.986310	0.018776	False
M	CT	5	705715	717892	0.983038	0.018838	False
M	CT	6	310850	316177	0.983152	0.018836	False
M	CT	7	206744	210600	0.981690	0.018864	False
M	CT	8	126149	128411	0.982385	0.018851	False
M	CT	9	82226	83703	0.982354	0.018851	False
M	CT	10	54312	55219	0.983574	0.018828	False
M	CT	11	36819	37350	0.985783	0.018786	False
M	CT	12	28491	28823	0.988481	0.018734	False
M	CT	13	20789	21057	0.987273	0.018757	False
M	CT	14	16948	17180	0.986496	0.018772	False
M	CT	15	14370	14558	0.987086	0.018761	False
M	CT	16	11032	11162	0.988353	0.018737	False
M	CT	17	8568	8627	0.993161	0.018646	False
M	CT	18	5543	5567	0.995689	0.018599	False
M	CT	19	4435	4499	0.985775	0.018786	False
M	CT	20	4114	4127	0.996850	0.018577	False
M	CT	21	3628	3663	0.990445	0.018697	False
M	CT	22	2047	2051	0.998050	0.018555	False
M	CT	23	2018	2023	0.997528	0.018564	False
M	CT	24	726	730	0.994521	0.018621	False
M	CT	25	1078	1091	0.988084	0.018742	False
M	CT	26	1174	1174	1.000000	0.018519	False
M	CT	28	384	384	1.000000	0.018519	False
M	CT	29	142	142	1.000000	0.018519	False
M	CT	30	342	349	0.979943	0.018898	False
M	CT	32	33	33	1.000000	0.018519	True
M	CT	33	324	327	0.990826	0.018690	False
M	CTG	3	1295984	1300957	0.996177	0.018590	False
M	CTG	4	108265	108796	0.995119	0.018609	False
M	CTG	5	25860	26020	0.993851	0.018633	False
M	CTG	6	10803	10889	0.992102	0.018666	False
M	CTG	7	7511	7536	0.996683	0.018580	False
M	CTG	8	4159	4178	0.995452	0.018603	False
M	CTG	9	1819	1855	0.980593	0.018885	False
M	CTG	10	1031	1041	0.990394	0.018698	False
M	CTG	11	647	647	1.000000	0.018519	False
M	CTG	12	691	691	1.000000	0.018519	False
M	CTG	13	423	432	0.979167	0.018913	False
M	CTG	14	478	492	0.971545	0.019061	False
M	CTG	16	447	483	0.925466	0.020010	False
M	CTG	17	42	42	1.000000	0.018519	True
M	CTG	19	64	64	1.000000	0.018519	False
M	CTG	21	256	256	1.000000	0.018519	False
M	CTT	3	664034	668685	0.993045	0.018648	False
M	CTT	4	41257	41527	0.993498	0.018640	False
M	CTT	5	10915	10966	0.995349	0.018605	False
M	CTT	6	4831	4847	0.996699	0.018580	False
M	CTT	7	2049	2062	0.993695	0.018636	False
M	CTT	8	709	711	0.997187	0.018571	False
M	CTT	9	193	193	1.000000	0.018519	False
M	CTT	10	78	78	1.000000	0.018519	False
M	CTT	11	88	88	1.000000	0.018519	False
M	CTT	12	49	49	1.000000	0.018519	True
M	CTT	13	13	13	1.000000	0.018519	True
M	CTT	14	23	23	1.000000	0.018519	True
M	CTT	17	50	50	1.000000	0.018519	False
M	CTT	18	93	93	1.000000	0.018519	False
M	CTT	19	73	73	1.000000	0.018519	False
M	CTT	20	70	70	1.000000	0.018519	False
M	CTT	21	188	188	1.000000	0.018519	False
M	CTT	22	43	44	0.977273	0.018949	True
M	CTT	23	160	160	1.000000	0.018519	False
M	CTT	24	54	55	0.981818	0.018861	False
M	CTT	28	30	30	1.000000	0.018519	True
M	GGT	3	936172	937260	0.998839	0.018540	False
M	GGT	4	39336	39402	0.998325	0.018550	False
M	GGT	5	9453	9458	0.999471	0.018528	False
M	GGT	6	3334	3338	0.998802	0.018541	False
M	GGT	7	1931	1931	1.000000	0.018519	False
M	GGT	8	851	852	0.998826	0.018540	False
M	GGT	9	779	779	1.000000	0.018519	False
M	GGT	10	394	394	1.000000	0.018519	False
M	GGT	11	174	174	1.000000	0.018519	False
M	GGT	12	91	91	1.000000	0.018519	False
M	GGT	13	67	67	1.000000	0.018519	False
M	GGT	14	128	128	1.000000	0.018519	False
M	GGT	16	66	66	1.000000	0.018519	False
M	GGT	17	34	34	1.000000	0.018519	True
M	GT	3	17711036	17804518	0.994750	0.018616	False
M	GT	4	3077033	3104339	0.991204	0.018683	False
M	GT	5	1035141	1047301	0.988389	0.018736	False
M	GT	6	566615	573986	0.987158	0.018759	False
M	GT	7	362583	367313	0.987123	0.018760	False
M	GT	8	230133	233016	0.987627	0.018751	False
M	GT	9	166715	168603	0.988802	0.018728	False
M	GT	10	142201	143540	0.990672	0.018693	False
M	GT	11	133506	134677	0.991305	0.018681	False
M	GT	12	133979	135062	0.991981	0.018668	False
M	GT	13	134855	135768	0.993275	0.018644	False
M	GT	14	132447	133178	0.994511	0.018621	False
M	GT	15	137348	137971	0.995485	0.018603	False
M	GT	16	139190	139834	0.995395	0.018604	False
M	GT	17	138683	139208	0.996229	0.018589	False
M	GT	18	129213	129686	0.996353	0.018586	False
M	GT	19	109880	110300	0.996192	0.018589	False
M	GT	20	107236	107540	0.997173	0.018571	False
M	GT	21	87068	87375	0.996486	0.018584	False
M	GT	22	69030	69265	0.996607	0.018582	False
M	GT	23	54270	54454	0.996621	0.018581	False
M	GT	24	38104	38276	0.995506	0.018602	False
M	GT	25	18468	18560	0.995043	0.018611	False
M	GT	26	10091	10109	0.998219	0.018552	False
M	GT	27	5986	5997	0.998166	0.018553	False
M	GT	28	3171	3171	1.000000	0.018519	False
M	GT	29	2121	2121	1.000000	0.018519	False
M	GT	30	1527	1538	0.992848	0.018652	False
M	GT	31	106	106	1.000000	0.018519	False
M	GT	33	362	362	1.000000	0.018519	False
M	GTT	3	423062	423421	0.999152	0.018534	False
M	GTT	4	116825	116938	0.999034	0.018536	False
M	GTT	5	64541	64597	0.999133	0.018535	False
M	GTT	6	34112	34138	0.999238	0.018533	False
M	GTT	7	20031	20038	0.999651	0.018525	False
M	GTT	8	11544	11549	0.999567	0.018527	False
M	GTT	9	6669	6670	0.999850	0.018521	False
M	GTT	10	3699	3699	1.000000	0.018519	False
M	GTT	11	2241	2245	0.998218	0.018552	False
M	GTT	12	1892	1892	1.000000	0.018519	False
M	GTT	13	1146	1146	1.000000	0.018519	False
M	GTT	14	945	945	1.000000	0.018519	False
M	GTT	15	580	580	1.000000	0.018519	False
M	GTT	16	205	205	1.000000	0.018519	False
M	GTT	17	47	47	1.000000	0.018519	True
X	AAC	3	197	418171	0.000471	10.000000	False
X	AAC	4	51	118189	0.000432	10.000000	False
X	AAC	5	23	62589	0.000367	10.000000	True
X	AAC	6	6	35130	0.000171	10.000000	True
X	AAC	7	4	19770	0.000202	10.000000	True
X	AAC	8	1	10708	0.000093	10.000000	True
X	AAC	9	2	6192	0.000323	10.000000	True
X	AAC	11	2	2360	0.000847	10.000000	True
X	AAC	13	1	1337	0.000748	10.000000	True
X	AAC	14	1	614	0.001629	10.000000	True
X	AAG	3	2447	682369	0.003586	5.164063	False
X	AAG	4	129	44935	0.002871	6.450617	False
X	AAG	5	29	11786	0.002461	7.526181	True
X	AAG	6	12	5129	0.002340	7.915123	True
X	AAG	7	6	1864	0.003219	5.753086	True
X	AAG	8	2	954	0.002096	8.833333	True
X	AAG	10	1	461	0.002169	8.537037	True
X	AAT	3	704	1218439	0.000578	10.000000	False
X	AAT	4	81	209926	0.000386	10.000000	False
X	AAT	5	17	70255	0.000242	10.000000	True
X	AAT	6	8	38244	0.000209	10.000000	True
X	AAT	7	4	18802	0.000213	10.000000	True
X	AAT	8	3	10964	0.000274	10.000000	True
X	AAT	9	1	7818	0.000128	10.000000	True
X	AAT	11	1	5350	0.000187	10.000000	True
X	AAT	13	1	6089	0.000164	10.000000	True
X	AC	3	19568	17774847	0.001101	10.000000	False
X	AC	4	2369	3079239	0.000769	10.000000	False
X	AC	5	513	1047575	0.000490	10.000000	False
X	AC	6	245	577445	0.000424	10.000000	False
X	AC	7	159	356491	0.000446	10.000000	False
X	AC	8	89	228277	0.000390	10.000000	False
X	AC	9	58	166695	0.000348	10.000000	False
X	AC	10	37	146134	0.000253	10.000000	True
X	AC	11	28	133693	0.000209	10.000000	True
X	AC	12	43	137638	0.000312	10.000000	True
X	AC	13	35	135958	0.000257	10.000000	True
X	AC	14	24	132072	0.000182	10.000000	True
X	AC	15	21	139301	0.000151	10.000000	True
X	AC	16	20	139978	0.000143	10.000000	True
X	AC	17	19	140167	0.000136	10.000000	True
X	AC	18	12	128035	0.000094	10.000000	True
X	AC	19	17	122380	0.000139	10.000000	True
X	AC	20	11	101896	0.000108	10.000000	True
X	AC	21	9	90509	0.000099	10.000000	True
X	AC	22	10	73950	0.000135	10.000000	True
X	AC	23	4	58718	0.000068	10.000000	True
X	AC	24	4	35369	0.000113	10.000000	True
X	AC	25	1	18593	0.000054	10.000000	True
X	AC	26	1	14869	0.000067	10.000000	True
X	AC	27	2	7418	0.000270	10.000000	True
X	AC	28	1	3422	0.000292	10.000000	True
X	AC	29	1	1431	0.000699	10.000000	True
X	ACC	3	838	900096	0.000931	10.000000	False
X	ACC	4	29	37150	0.000781	10.000000	True
X	ACC	5	5	9038	0.000553	10.000000	True
X	ACC	6	1	3835	0.000261	10.000000	True
X	ACC	7	2	1929	0.001037	10.000000	True
X	ACC	8	1	877	0.001140	10.000000	True
X	ACC	15	1	36	0.027778	0.666667	True
X	ACG	3	19	9858	0.001927	9.608187	True
X	ACG	4	1	714	0.001401	10.000000	True
X	ACT	3	387	388433	0.000996	10.000000	False
X	ACT	4	14	25962	0.000539	10.000000	True
X	ACT	5	4	6145	0.000651	10.000000	True
X	ACT	6	1	2729	0.000366	10.000000	True
X	ACT	7	3	1219	0.002461	7.524691	True
X	AG	3	52144	21255678	0.002453	7.548782	False
X	AG	4	6765	3354313	0.002017	9.182100	False
X	AG	5	1022	715377	0.001429	10.000000	False
X	AG	6	387	319757	0.001210	10.000000	False
X	AG	7	173	198252	0.000873	10.000000	False
X	AG	8	110	132338	0.000831	10.000000	False
X	AG	9	68	84062	0.000809	10.000000	False
X	AG	10	40	55900	0.000716	10.000000	True
X	AG	11	24	38586	0.000622	10.000000	True
X	AG	12	19	28629	0.000664	10.000000	True
X	AG	13	9	19897	0.000452	10.000000	True
X	AG	14	4	17543	0.000228	10.000000	True
X	AG	15	4	13242	0.000302	10.000000	True
X	AG	16	2	10825	0.000185	10.000000	True
X	AG	17	1	5621	0.000178	10.000000	True
X	AG	18	1	6332	0.000158	10.000000	True
X	AG	19	2	5253	0.000381	10.000000	True
X	AG	20	1	3334	0.000300	10.000000	True
X	AG	25	2	1626	0.001230	10.000000	True
X	AGC	3	1411	1279738	0.001103	10.000000	False
X	AGC	4	90	104094	0.000865	10.000000	False
X	AGC	5	19	26578	0.000715	10.000000	True
X	AGC	6	1	10695	0.000094	10.000000	True
X	AGC	7	1	7328	0.000136	10.000000	True
X	AGC	8	3	4317	0.000695	10.000000	True
X	AGG	3	1150	600885	0.001914	9.676087	False
X	AGG	4	163	63262	0.002577	7.187230	False
X	AGG	5	13	15651	0.000831	10.000000	True
X	AGG	6	3	6559	0.000457	10.000000	True
X	AGT	3	365	384891	0.000948	10.000000	False
X	AGT	4	17	25957	0.000655	10.000000	True
X	AGT	5	4	7123	0.000562	10.000000	True
X	AGT	12	1	149	0.006711	2.759259	True
X	AT	3	24295	29771844	0.000816	10.000000	False
X	AT	4	3377	6035865	0.000559	10.000000	False
X	AT	5	698	1447940	0.000482	10.000000	False
X	AT	6	356	710286	0.000501	10.000000	False
X	AT	7	208	422600	0.000492	10.000000	False
X	AT	8	109	234975	0.000464	10.000000	False
X	AT	9	72	138690	0.000519	10.000000	False
X	AT	10	30	84006	0.000357	10.000000	True
X	AT	11	14	60956	0.000230	10.000000	True
X	AT	12	25	40559	0.000616	10.000000	True
X	AT	13	16	32020	0.000500	10.000000	True
X	AT	14	9	24930	0.000361	10.000000	True
X	AT	15	8	19817	0.000404	10.000000	True
X	AT	16	7	15330	0.000457	10.000000	True
X	AT	17	3	13264	0.000226	10.000000	True
X	AT	18	7	12782	0.000548	10.000000	True
X	AT	19	3	11357	0.000264	10.000000	True
X	AT	20	4	10373	0.000386	10.000000	True
X	AT	21	2	11836	0.000169	10.000000	True
X	AT	22	6	11761	0.000510	10.000000	True
X	AT	23	4	8721	0.000459	10.000000	True
X	AT	27	1	2721	0.000368	10.000000	True
X	AT	28	1	2023	0.000494	10.000000	True
X	AT	29	1	124	0.008065	2.296296	True
X	ATC	3	989	1088232	0.000909	10.000000	False
X	ATC	4	58	95089	0.000610	10.000000	False
X	ATC	5	10	31661	0.000316	10.000000	True
X	ATC	6	4	20938	0.000191	10.000000	True
X	ATC	7	6	12741	0.000471	10.000000	True
X	ATC	9	1	4861	0.000206	10.000000	True
X	ATG	3	1008	1089478	0.000925	10.000000	False
X	ATG	4	74	97088	0.000762	10.000000	False
X	ATG	5	20	35866	0.000558	10.000000	True
X	ATG	6	12	19408	0.000618	10.000000	True
X	ATG	7	1	10322	0.000097	10.000000	True
X	ATG	8	6	6790	0.000884	10.000000	True
X	ATG	9	1	5512	0.000181	10.000000	True
X	ATG	10	2	4015	0.000498	10.000000	True
X	ATG	13	1	4344	0.000230	10.000000	True
X	ATG	15	1	2207	0.000453	10.000000	True
X	ATT	3	615	1211501	0.000508	10.000000	False
X	ATT	4	86	202442	0.000425	10.000000	False
X	ATT	5	25	69335	0.000361	10.000000	True
X	ATT	6	12	38088	0.000315	10.000000	True
X	ATT	7	2	19926	0.000100	10.000000	True
X	ATT	8	4	10080	0.000397	10.000000	True
X	ATT	9	2	7019	0.000285	10.000000	True
X	ATT	10	2	6140	0.000326	10.000000	True
X	ATT	11	1	5025	0.000199	10.000000	True
X	ATT	13	1	6458	0.000155	10.000000	True
X	ATT	14	1	5846	0.000171	10.000000	True
X	ATT	20	1	59	0.016949	1.092593	True
X	CCG	3	31	38997	0.000795	10.000000	True
X	CCG	4	4	8264	0.000484	10.000000	True
X	CCG	5	1	3206	0.000312	10.000000	True
X	CCG	6	1	2008	0.000498	10.000000	True
X	CCG	9	1	376	0.002660	6.962963	True
X	CCT	3	1142	597706	0.001911	9.692320	False
X	CCT	4	149	61709	0.002415	7.669525	False
X	CCT	5	15	14665	0.001023	10.000000	True
X	CCT	6	4	5817	0.000688	10.000000	True
X	CCT	7	1	2577	0.000388	10.000000	True
X	CCT	10	1	406	0.002463	7.518519	True
X	CG	3	1005	575351	0.001747	10.000000	False
X	CG	4	178	107562	0.001655	10.000000	False
X	CG	5	15	16006	0.000937	10.000000	True
X	CG	6	7	6283	0.001114	10.000000	True
X	CG	7	7	2959	0.002366	7.828042	True
X	CG	8	3	1500	0.002000	9.259259	True
X	CG	9	2	647	0.003091	5.990741	True
X	CGG	3	36	40287	0.000894	10.000000	True
X	CGG	4	6	8575	0.000700	10.000000	True
X	CGG	5	1	3253	0.000307	10.000000	True
X	CGG	6	2	2264	0.000883	10.000000	True
X	CGG	7	1	1444	0.000693	10.000000	True
X	CGG	11	1	54	0.018519	1.000000	True
X	CGT	3	20	10862	0.001841	10.000000	True
X	CGT	4	3	1246	0.002408	7.691358	True
X	CT	3	51066	21180550	0.002411	7.680892	False
X	CT	4	6527	3353662	0.001946	9.515068	False
X	CT	5	1095	717892	0.001525	10.000000	False
X	CT	6	319	316177	0.001009	10.000000	False
X	CT	7	196	210600	0.000931	10.000000	False
X	CT	8	113	128411	0.000880	10.000000	False
X	CT	9	64	83703	0.000765	10.000000	False
X	CT	10	49	55219	0.000887	10.000000	True
X	CT	11	36	37350	0.000964	10.000000	True
X	CT	12	13	28823	0.000451	10.000000	True
X	CT	13	19	21057	0.000902	10.000000	True
X	CT	14	11	17180	0.000640	10.000000	True
X	CT	15	7	14558	0.000481	10.000000	True
X	CT	16	9	11162	0.000806	10.000000	True
X	CT	17	5	8627	0.000580	10.000000	True
X	CT	19	1	4499	0.000222	10.000000	True
X	CT	21	1	3663	0.000273	10.000000	True
X	CT	23	1	2023	0.000494	10.000000	True
X	CTG	3	1448	1300957	0.001113	10.000000	False
X	CTG	4	68	108796	0.000625	10.000000	False
X	CTG	5	18	26020	0.000692	10.000000	True
X	CTG	6	9	10889	0.000827	10.000000	True
X	CTG	7	1	7536	0.000133	10.000000	True
X	CTT	3	2262	668685	0.003383	5.474384	False
X	CTT	4	136	41527	0.003275	5.654548	False
X	CTT	5	23	10966	0.002097	8.829308	True
X	CTT	6	11	4847	0.002269	8.159933	True
X	CTT	7	5	2062	0.002425	7.637037	True
X	CTT	8	2	711	0.002813	6.583333	True
X	CTT	22	1	44	0.022727	0.814815	True
X	GGT	3	774	937260	0.000826	10.000000	False
X	GGT	4	34	39402	0.000863	10.000000	True
X	GGT	5	2	9458	0.000211	10.000000	True
X	GGT	6	1	3338	0.000300	10.000000	True
X	GGT	8	1	852	0.001174	10.000000	True
X	GT	3	19582	17804518	0.001100	10.000000	False
X	GT	4	2509	3104339	0.000808	10.000000	False
X	GT	5	588	1047301	0.000561	10.000000	False
X	GT	6	286	573986	0.000498	10.000000	False
X	GT	7	157	367313	0.000427	10.000000	False
X	GT	8	95	233016	0.000408	10.000000	False
X	GT	9	58	168603	0.000344	10.000000	False
X	GT	10	53	143540	0.000369	10.000000	False
X	GT	11	43	134677	0.000319	10.000000	True
X	GT	12	29	135062	0.000215	10.000000	True
X	GT	13	31	135768	0.000228	10.000000	True
X	GT	14	24	133178	0.000180	10.000000	True
X	GT	15	30	137971	0.000217	10.000000	True
X	GT	16	26	139834	0.000186	10.000000	True
X	GT	17	29	139208	0.000208	10.000000	True
X	GT	18	18	129686	0.000139	10.000000	True
X	GT	19	18	110300	0.000163	10.000000	True
X	GT	20	5	107540	0.000046	10.000000	True
X	GT	21	18	87375	0.000206	10.000000	True
X	GT	22	14	69265	0.000202	10.000000	True
X	GT	23	6	54454	0.000110	10.000000	True
X	GT	24	4	38276	0.000105	10.000000	True
X	GT	25	2	18560	0.000108	10.000000	True
X	GT	27	1	5997	0.000167	10.000000	True
X	GTT	3	188	423421	0.000444	10.000000	False
X	GTT	4	66	116938	0.000564	10.000000	False
X	GTT	5	29	64597	0.000449	10.000000	True
X	GTT	6	12	34138	0.000352	10.000000	True
X	GTT	7	5	20038	0.000250	10.000000	True
X	GTT	8	2	11549	0.000173	10.000000	True
X	GTT	9	1	6670	0.000150	10.000000	True
X	GTT	11	1	2245	0.000445	10.000000	True
