aligner	invocation	test_case	input_qname	output_qname	mutation_class	preserved_tags	notes
minimap2	unknown		bare_id	bare_id	IDENTITY		
minimap2	unknown		id_trailing_space	id_trailing_space	IDENTITY		
minimap2	unknown		id_space_comment	id_space_comment	IDENTITY		
minimap2	unknown		id_dorado_style	id_dorado_style	IDENTITY		
minimap2	unknown		id_multi_space	id_multi_space	IDENTITY		
minimap2	unknown		id_tab_XA	id_tab_XA	IDENTITY		
minimap2	unknown		id_tab_multi	id_tab_multi	IDENTITY		
minimap2	unknown		id_mate_slash_1/1	id_mate_slash_1/1	IDENTITY		
minimap2	unknown		id_mate_slash_2/2	id_mate_slash_2/2	IDENTITY		
minimap2	unknown		id_illumina_1	id_illumina_1	IDENTITY		
minimap2	unknown		id_illumina_2	id_illumina_2	IDENTITY		
minimap2	unknown		id_colon:char	id_colon:char	IDENTITY		
minimap2	unknown		id_slash/char	id_slash/char	IDENTITY		
minimap2	unknown		id_pipe|char	id_pipe|char	IDENTITY		
minimap2	unknown		id_dash-char	id_dash-char	IDENTITY		
minimap2	unknown		id_underscore_char	id_underscore_char	IDENTITY		
minimap2	unknown		id_dot.char	id_dot.char	IDENTITY		
minimap2	unknown		id_hash#char	id_hash#char	IDENTITY		
minimap2	unknown		id_equals=char	id_equals=char	IDENTITY		
minimap2	unknown		id_plus+char	id_plus+char	IDENTITY		
minimap2	unknown		id_comma,char	id_comma,char	IDENTITY		
minimap2	unknown		id_semicolon;char	id_semicolon;char	IDENTITY		
minimap2	unknown		id_star*char	id_star*char	IDENTITY		
minimap2	unknown		id_opensquare[char	id_opensquare[char	IDENTITY		
minimap2	unknown		id_closesquare]char	id_closesquare]char	IDENTITY		
minimap2	unknown		id_openparen(char	id_openparen(char	IDENTITY		
minimap2	unknown		id_closeparen)char	id_closeparen)char	IDENTITY		
minimap2	unknown		id_opencurly{char	id_opencurly{char	IDENTITY		
minimap2	unknown		id_closecurly}char	id_closecurly}char	IDENTITY		
minimap2	unknown		id_lt<char	id_lt<char	IDENTITY		
minimap2	unknown		id_gt>char	id_gt>char	IDENTITY		
minimap2	unknown		id_question?char	id_question?char	IDENTITY		
minimap2	unknown		id_exclaim!char	id_exclaim!char	IDENTITY		
minimap2	unknown		id_tilde~char	id_tilde~char	IDENTITY		
minimap2	unknown		id_caret^char	id_caret^char	IDENTITY		
minimap2	unknown		id_ampersand&char	id_ampersand&char	IDENTITY		
minimap2	unknown		id_percent%char	id_percent%char	IDENTITY		
minimap2	unknown		id_dollar$char	id_dollar$char	IDENTITY		
minimap2	unknown		id_singlequote'char	id_singlequote'char	IDENTITY		
minimap2	unknown		"id_doublequote""char"	"id_doublequote""char"	IDENTITY		
minimap2	unknown		id_backtick`char	id_backtick`char	IDENTITY		
minimap2	unknown		a	a	IDENTITY		
minimap2	unknown		01234567-89ab-cdef-0123-456789abcdef	01234567-89ab-cdef-0123-456789abcdef	IDENTITY		
minimap2	unknown		AAAAAAAAAAAAAAAAAAAAAAAAAAAAAAAAAAAAAAAAAAAAAAAAAAAAAAAAAAAAAAAAAAAAAAAAAAAAAAAA	AAAAAAAAAAAAAAAAAAAAAAAAAAAAAAAAAAAAAAAAAAAAAAAAAAAAAAAAAAAAAAAAAAAAAAAAAAAAAAAA	IDENTITY		
minimap2	unknown		BBBBBBBBBBBBBBBBBBBBBBBBBBBBBBBBBBBBBBBBBBBBBBBBBBBBBBBBBBBBBBBBBBBBBBBBBBBBBBBB	BBBBBBBBBBBBBBBBBBBBBBBBBBBBBBBBBBBBBBBBBBBBBBBBBBBBBBBBBBBBBBBBBBBBBBBBBBBBBBBB	IDENTITY		
minimap2	unknown		1234567890	1234567890	IDENTITY		
minimap2	unknown		00000123	00000123	IDENTITY		
minimap2	unknown		-id_dash_lead	-id_dash_lead	IDENTITY		
minimap2	unknown		-42	-42	IDENTITY		
minimap2	unknown		01234567-89AB-CDEF-0123-456789ABCDEF	01234567-89AB-CDEF-0123-456789ABCDEF	IDENTITY		
minimap2	unknown		dup_id	dup_id	IDENTITY		dup_in_bam=2
minimap2	unknown		dup_id	dup_id	IDENTITY		dup_in_bam=2
minimap2	unknown		id_with_at@symbol	id_with_at@symbol	IDENTITY		
minimap2	unknown		bare_id	bare_id	IDENTITY		
minimap2	unknown		id_trailing_space	id_trailing_space	IDENTITY		
minimap2	unknown		id_space_comment	id_space_comment	IDENTITY		
minimap2	unknown		id_dorado_style	id_dorado_style	IDENTITY		
minimap2	unknown		id_multi_space	id_multi_space	IDENTITY		
minimap2	unknown		id_tab_XA	id_tab_XA	IDENTITY	XA	
minimap2	unknown		id_tab_multi	id_tab_multi	IDENTITY	XA,XF	
minimap2	unknown		id_mate_slash_1/1	id_mate_slash_1/1	IDENTITY		
minimap2	unknown		id_mate_slash_2/2	id_mate_slash_2/2	IDENTITY		
minimap2	unknown		id_illumina_1	id_illumina_1	IDENTITY		
minimap2	unknown		id_illumina_2	id_illumina_2	IDENTITY		
minimap2	unknown		id_colon:char	id_colon:char	IDENTITY		
minimap2	unknown		id_slash/char	id_slash/char	IDENTITY		
minimap2	unknown		id_pipe|char	id_pipe|char	IDENTITY		
minimap2	unknown		id_dash-char	id_dash-char	IDENTITY		
minimap2	unknown		id_underscore_char	id_underscore_char	IDENTITY		
minimap2	unknown		id_dot.char	id_dot.char	IDENTITY		
minimap2	unknown		id_hash#char	id_hash#char	IDENTITY		
minimap2	unknown		id_equals=char	id_equals=char	IDENTITY		
minimap2	unknown		id_plus+char	id_plus+char	IDENTITY		
minimap2	unknown		id_comma,char	id_comma,char	IDENTITY		
minimap2	unknown		id_semicolon;char	id_semicolon;char	IDENTITY		
minimap2	unknown		id_star*char	id_star*char	IDENTITY		
minimap2	unknown		id_opensquare[char	id_opensquare[char	IDENTITY		
minimap2	unknown		id_closesquare]char	id_closesquare]char	IDENTITY		
minimap2	unknown		id_openparen(char	id_openparen(char	IDENTITY		
minimap2	unknown		id_closeparen)char	id_closeparen)char	IDENTITY		
minimap2	unknown		id_opencurly{char	id_opencurly{char	IDENTITY		
minimap2	unknown		id_closecurly}char	id_closecurly}char	IDENTITY		
minimap2	unknown		id_lt<char	id_lt<char	IDENTITY		
minimap2	unknown		id_gt>char	id_gt>char	IDENTITY		
minimap2	unknown		id_question?char	id_question?char	IDENTITY		
minimap2	unknown		id_exclaim!char	id_exclaim!char	IDENTITY		
minimap2	unknown		id_tilde~char	id_tilde~char	IDENTITY		
minimap2	unknown		id_caret^char	id_caret^char	IDENTITY		
minimap2	unknown		id_ampersand&char	id_ampersand&char	IDENTITY		
minimap2	unknown		id_percent%char	id_percent%char	IDENTITY		
minimap2	unknown		id_dollar$char	id_dollar$char	IDENTITY		
minimap2	unknown		id_singlequote'char	id_singlequote'char	IDENTITY		
minimap2	unknown		"id_doublequote""char"	"id_doublequote""char"	IDENTITY		
minimap2	unknown		id_backtick`char	id_backtick`char	IDENTITY		
minimap2	unknown		a	a	IDENTITY		
minimap2	unknown		01234567-89ab-cdef-0123-456789abcdef	01234567-89ab-cdef-0123-456789abcdef	IDENTITY		
minimap2	unknown		AAAAAAAAAAAAAAAAAAAAAAAAAAAAAAAAAAAAAAAAAAAAAAAAAAAAAAAAAAAAAAAAAAAAAAAAAAAAAAAA	AAAAAAAAAAAAAAAAAAAAAAAAAAAAAAAAAAAAAAAAAAAAAAAAAAAAAAAAAAAAAAAAAAAAAAAAAAAAAAAA	IDENTITY		
minimap2	unknown		BBBBBBBBBBBBBBBBBBBBBBBBBBBBBBBBBBBBBBBBBBBBBBBBBBBBBBBBBBBBBBBBBBBBBBBBBBBBBBBB	BBBBBBBBBBBBBBBBBBBBBBBBBBBBBBBBBBBBBBBBBBBBBBBBBBBBBBBBBBBBBBBBBBBBBBBBBBBBBBBB	IDENTITY		
minimap2	unknown		1234567890	1234567890	IDENTITY		
minimap2	unknown		00000123	00000123	IDENTITY		
minimap2	unknown		-id_dash_lead	-id_dash_lead	IDENTITY		
minimap2	unknown		-42	-42	IDENTITY		
minimap2	unknown		01234567-89AB-CDEF-0123-456789ABCDEF	01234567-89AB-CDEF-0123-456789ABCDEF	IDENTITY		
minimap2	unknown		dup_id	dup_id	IDENTITY		dup_in_bam=2
minimap2	unknown		dup_id	dup_id	IDENTITY		dup_in_bam=2
minimap2	unknown		id_with_at@symbol	id_with_at@symbol	IDENTITY		
deSALT	unknown		bare_id	bare_id	IDENTITY		
deSALT	unknown		id_trailing_space	id_trailing_space	IDENTITY		
deSALT	unknown		id_space_comment	id_space_comment	IDENTITY		comment_stripped_by_clean_fastq
deSALT	unknown		id_dorado_style	id_dorado_style	IDENTITY		comment_stripped_by_clean_fastq
deSALT	unknown		id_multi_space	id_multi_space	IDENTITY		comment_stripped_by_clean_fastq
deSALT	unknown		id_tab_XA	id_tab_XA	IDENTITY		comment_stripped_by_clean_fastq
deSALT	unknown		id_tab_multi	id_tab_multi	IDENTITY		comment_stripped_by_clean_fastq
deSALT	unknown		id_mate_slash_1/1	id_mate_slash_1/1	IDENTITY		
deSALT	unknown		id_mate_slash_2/2	id_mate_slash_2/2	IDENTITY		
deSALT	unknown		id_illumina_1	id_illumina_1	IDENTITY		comment_stripped_by_clean_fastq
deSALT	unknown		id_illumina_2	id_illumina_2	IDENTITY		comment_stripped_by_clean_fastq
deSALT	unknown		id_colon:char	id_colon:char	IDENTITY		
deSALT	unknown		id_slash/char	id_slash/char	IDENTITY		
deSALT	unknown		id_pipe|char	id_pipe|char	IDENTITY		
deSALT	unknown		id_dash-char	id_dash-char	IDENTITY		
deSALT	unknown		id_underscore_char	id_underscore_char	IDENTITY		
deSALT	unknown		id_dot.char	id_dot.char	IDENTITY		
deSALT	unknown		id_hash#char	id_hash#char	IDENTITY		
deSALT	unknown		id_equals=char	id_equals=char	IDENTITY		
deSALT	unknown		id_plus+char	id_plus+char	IDENTITY		
deSALT	unknown		id_comma,char	id_comma,char	IDENTITY		
deSALT	unknown		id_semicolon;char	id_semicolon;char	IDENTITY		
deSALT	unknown		id_star*char	id_star*char	IDENTITY		
deSALT	unknown		id_opensquare[char	id_opensquare[char	IDENTITY		
deSALT	unknown		id_closesquare]char	id_closesquare]char	IDENTITY		
deSALT	unknown		id_openparen(char	id_openparen(char	IDENTITY		
deSALT	unknown		id_closeparen)char	id_closeparen)char	IDENTITY		
deSALT	unknown		id_opencurly{char	id_opencurly{char	IDENTITY		
deSALT	unknown		id_closecurly}char	id_closecurly}char	IDENTITY		
deSALT	unknown		id_lt<char	id_lt<char	IDENTITY		
deSALT	unknown		id_gt>char	id_gt>char	IDENTITY		
deSALT	unknown		id_question?char	id_question?char	IDENTITY		
deSALT	unknown		id_exclaim!char	id_exclaim!char	IDENTITY		
deSALT	unknown		id_tilde~char	id_tilde~char	IDENTITY		
deSALT	unknown		id_caret^char	id_caret^char	IDENTITY		
deSALT	unknown		id_ampersand&char	id_ampersand&char	IDENTITY		
deSALT	unknown		id_percent%char	id_percent%char	IDENTITY		
deSALT	unknown		id_dollar$char	id_dollar$char	IDENTITY		
deSALT	unknown		id_singlequote'char	id_singlequote'char	IDENTITY		
deSALT	unknown		"id_doublequote""char"	"id_doublequote""char"	IDENTITY		
deSALT	unknown		id_backtick`char	id_backtick`char	IDENTITY		
deSALT	unknown		a	a	IDENTITY		
deSALT	unknown		01234567-89ab-cdef-0123-456789abcdef	01234567-89ab-cdef-0123-456789abcdef	IDENTITY		
deSALT	unknown		AAAAAAAAAAAAAAAAAAAAAAAAAAAAAAAAAAAAAAAAAAAAAAAAAAAAAAAAAAAAAAAAAAAAAAAAAAAAAAAA	AAAAAAAAAAAAAAAAAAAAAAAAAAAAAAAAAAAAAAAAAAAAAAAAAAAAAAAAAAAAAAAAAAAAAAAAAAAAAAAA	IDENTITY		
deSALT	unknown		BBBBBBBBBBBBBBBBBBBBBBBBBBBBBBBBBBBBBBBBBBBBBBBBBBBBBBBBBBBBBBBBBBBBBBBBBBBBBBBB	BBBBBBBBBBBBBBBBBBBBBBBBBBBBBBBBBBBBBBBBBBBBBBBBBBBBBBBBBBBBBBBBBBBBBBBBBBBBBBBB	IDENTITY		
deSALT	unknown		1234567890	1234567890	IDENTITY		
deSALT	unknown		00000123	00000123	IDENTITY		
deSALT	unknown		-id_dash_lead	-id_dash_lead	IDENTITY		
deSALT	unknown		-42	-42	IDENTITY		
deSALT	unknown		01234567-89AB-CDEF-0123-456789ABCDEF	01234567-89AB-CDEF-0123-456789ABCDEF	IDENTITY		
deSALT	unknown		dup_id	dup_id	IDENTITY		
deSALT	unknown		dup_id [dup_2]	DROPPED	DROPPED		_clean_fastq dropped second dup_id occurrence
deSALT	unknown		id_with_at@symbol	id_with_at@symbol	IDENTITY		
deSALT	unknown		bare_id	bare_id	IDENTITY		
deSALT	unknown		id_trailing_space	id_trailing_space	IDENTITY		
deSALT	unknown		id_space_comment	id_space_comment	IDENTITY		comment_stripped_by_clean_fastq
deSALT	unknown		id_dorado_style	id_dorado_style	IDENTITY		comment_stripped_by_clean_fastq
deSALT	unknown		id_multi_space	id_multi_space	IDENTITY		comment_stripped_by_clean_fastq
deSALT	unknown		id_tab_XA	id_tab_XA	IDENTITY		comment_stripped_by_clean_fastq
deSALT	unknown		id_tab_multi	id_tab_multi	IDENTITY		comment_stripped_by_clean_fastq
deSALT	unknown		id_mate_slash_1/1	id_mate_slash_1/1	IDENTITY		
deSALT	unknown		id_mate_slash_2/2	id_mate_slash_2/2	IDENTITY		
deSALT	unknown		id_illumina_1	id_illumina_1	IDENTITY		comment_stripped_by_clean_fastq
deSALT	unknown		id_illumina_2	id_illumina_2	IDENTITY		comment_stripped_by_clean_fastq
deSALT	unknown		id_colon:char	id_colon:char	IDENTITY		
deSALT	unknown		id_slash/char	id_slash/char	IDENTITY		
deSALT	unknown		id_pipe|char	id_pipe|char	IDENTITY		
deSALT	unknown		id_dash-char	id_dash-char	IDENTITY		
deSALT	unknown		id_underscore_char	id_underscore_char	IDENTITY		
deSALT	unknown		id_dot.char	id_dot.char	IDENTITY		
deSALT	unknown		id_hash#char	id_hash#char	IDENTITY		
deSALT	unknown		id_equals=char	id_equals=char	IDENTITY		
deSALT	unknown		id_plus+char	id_plus+char	IDENTITY		
deSALT	unknown		id_comma,char	id_comma,char	IDENTITY		
deSALT	unknown		id_semicolon;char	id_semicolon;char	IDENTITY		
deSALT	unknown		id_star*char	id_star*char	IDENTITY		
deSALT	unknown		id_opensquare[char	id_opensquare[char	IDENTITY		
deSALT	unknown		id_closesquare]char	id_closesquare]char	IDENTITY		
deSALT	unknown		id_openparen(char	id_openparen(char	IDENTITY		
deSALT	unknown		id_closeparen)char	id_closeparen)char	IDENTITY		
deSALT	unknown		id_opencurly{char	id_opencurly{char	IDENTITY		
deSALT	unknown		id_closecurly}char	id_closecurly}char	IDENTITY		
deSALT	unknown		id_lt<char	id_lt<char	IDENTITY		
deSALT	unknown		id_gt>char	id_gt>char	IDENTITY		
deSALT	unknown		id_question?char	id_question?char	IDENTITY		
deSALT	unknown		id_exclaim!char	id_exclaim!char	IDENTITY		
deSALT	unknown		id_tilde~char	id_tilde~char	IDENTITY		
deSALT	unknown		id_caret^char	id_caret^char	IDENTITY		
deSALT	unknown		id_ampersand&char	id_ampersand&char	IDENTITY		
deSALT	unknown		id_percent%char	id_percent%char	IDENTITY		
deSALT	unknown		id_dollar$char	id_dollar$char	IDENTITY		
deSALT	unknown		id_singlequote'char	id_singlequote'char	IDENTITY		
deSALT	unknown		"id_doublequote""char"	"id_doublequote""char"	IDENTITY		
deSALT	unknown		id_backtick`char	id_backtick`char	IDENTITY		
deSALT	unknown		a	a	IDENTITY		
deSALT	unknown		01234567-89ab-cdef-0123-456789abcdef	01234567-89ab-cdef-0123-456789abcdef	IDENTITY		
deSALT	unknown		AAAAAAAAAAAAAAAAAAAAAAAAAAAAAAAAAAAAAAAAAAAAAAAAAAAAAAAAAAAAAAAAAAAAAAAAAAAAAAAA	AAAAAAAAAAAAAAAAAAAAAAAAAAAAAAAAAAAAAAAAAAAAAAAAAAAAAAAAAAAAAAAAAAAAAAAAAAAAAAAA	IDENTITY		
deSALT	unknown		BBBBBBBBBBBBBBBBBBBBBBBBBBBBBBBBBBBBBBBBBBBBBBBBBBBBBBBBBBBBBBBBBBBBBBBBBBBBBBBB	BBBBBBBBBBBBBBBBBBBBBBBBBBBBBBBBBBBBBBBBBBBBBBBBBBBBBBBBBBBBBBBBBBBBBBBBBBBBBBBB	IDENTITY		
deSALT	unknown		1234567890	1234567890	IDENTITY		
deSALT	unknown		00000123	00000123	IDENTITY		
deSALT	unknown		-id_dash_lead	-id_dash_lead	IDENTITY		
deSALT	unknown		-42	-42	IDENTITY		
deSALT	unknown		01234567-89AB-CDEF-0123-456789ABCDEF	01234567-89AB-CDEF-0123-456789ABCDEF	IDENTITY		
deSALT	unknown		dup_id	dup_id	IDENTITY		
deSALT	unknown		dup_id [dup_2]	DROPPED	DROPPED		_clean_fastq dropped second dup_id occurrence
deSALT	unknown		id_with_at@symbol	id_with_at@symbol	IDENTITY		
mapPacBio	unknown		bare_id	bare_id	IDENTITY		
mapPacBio	unknown		id_trailing_space	id_trailing_space 	COMMENT_LEAKED		space+comment appended to QNAME (SAM spec violation; mapPacBio copies full FASTQ header)
mapPacBio	unknown		id_space_comment	id_space_comment some plain comment text	COMMENT_LEAKED		space+comment appended to QNAME (SAM spec violation; mapPacBio copies full FASTQ header)
mapPacBio	unknown		id_dorado_style	id_dorado_style runid=abc ch=42 start_time=2024 flow_cell_id=XYZ	COMMENT_LEAKED		space+comment appended to QNAME (SAM spec violation; mapPacBio copies full FASTQ header)
mapPacBio	unknown		id_multi_space	id_multi_space  one  two  three	COMMENT_LEAKED		space+comment appended to QNAME (SAM spec violation; mapPacBio copies full FASTQ header)
mapPacBio	unknown		id_tab_XA	id_tab_XA_XA:Z:foo	MUTATED_CHARS		tab→underscore; tab-comment content appended to QNAME (SAM spec violation)
mapPacBio	unknown		id_tab_multi	id_tab_multi_XA:Z:foo_XC:i:42_XF:Z:bar	MUTATED_CHARS		tab→underscore; tab-comment content appended to QNAME (SAM spec violation)
mapPacBio	unknown		id_mate_slash_1/1	id_mate_slash_1/1	IDENTITY		
mapPacBio	unknown		id_mate_slash_2/2	id_mate_slash_2/2	IDENTITY		
mapPacBio	unknown		id_illumina_1	id_illumina_1 1:N:0:ATCGAT	COMMENT_LEAKED		space+comment appended to QNAME (SAM spec violation; mapPacBio copies full FASTQ header)
mapPacBio	unknown		id_illumina_2	id_illumina_2 2:N:0:ATCGAT	COMMENT_LEAKED		space+comment appended to QNAME (SAM spec violation; mapPacBio copies full FASTQ header)
mapPacBio	unknown		id_colon:char	id_colon:char	IDENTITY		
mapPacBio	unknown		id_slash/char	id_slash/char	IDENTITY		
mapPacBio	unknown		id_pipe|char	id_pipe|char	IDENTITY		
mapPacBio	unknown		id_dash-char	id_dash-char	IDENTITY		
mapPacBio	unknown		id_underscore_char	id_underscore_char	IDENTITY		
mapPacBio	unknown		id_dot.char	id_dot.char	IDENTITY		
mapPacBio	unknown		id_hash#char	id_hash#char	IDENTITY		
mapPacBio	unknown		id_equals=char	id_equals=char	IDENTITY		
mapPacBio	unknown		id_plus+char	id_plus+char	IDENTITY		
mapPacBio	unknown		id_comma,char	id_comma,char	IDENTITY		
mapPacBio	unknown		id_semicolon;char	id_semicolon;char	IDENTITY		
mapPacBio	unknown		id_star*char	id_star*char	IDENTITY		
mapPacBio	unknown		id_opensquare[char	id_opensquare[char	IDENTITY		
mapPacBio	unknown		id_closesquare]char	id_closesquare]char	IDENTITY		
mapPacBio	unknown		id_openparen(char	id_openparen(char	IDENTITY		
mapPacBio	unknown		id_closeparen)char	id_closeparen)char	IDENTITY		
mapPacBio	unknown		id_opencurly{char	id_opencurly{char	IDENTITY		
mapPacBio	unknown		id_closecurly}char	id_closecurly}char	IDENTITY		
mapPacBio	unknown		id_lt<char	id_lt<char	IDENTITY		
mapPacBio	unknown		id_gt>char	id_gt>char	IDENTITY		
mapPacBio	unknown		id_question?char	id_question?char	IDENTITY		
mapPacBio	unknown		id_exclaim!char	id_exclaim!char	IDENTITY		
mapPacBio	unknown		id_tilde~char	id_tilde~char	IDENTITY		
mapPacBio	unknown		id_caret^char	id_caret^char	IDENTITY		
mapPacBio	unknown		id_ampersand&char	id_ampersand&char	IDENTITY		
mapPacBio	unknown		id_percent%char	id_percent%char	IDENTITY		
mapPacBio	unknown		id_dollar$char	id_dollar$char	IDENTITY		
mapPacBio	unknown		id_singlequote'char	id_singlequote'char	IDENTITY		
mapPacBio	unknown		"id_doublequote""char"	"id_doublequote""char"	IDENTITY		
mapPacBio	unknown		id_backtick`char	id_backtick`char	IDENTITY		
mapPacBio	unknown		a	a	IDENTITY		
mapPacBio	unknown		01234567-89ab-cdef-0123-456789abcdef	01234567-89ab-cdef-0123-456789abcdef	IDENTITY		
mapPacBio	unknown		AAAAAAAAAAAAAAAAAAAAAAAAAAAAAAAAAAAAAAAAAAAAAAAAAAAAAAAAAAAAAAAAAAAAAAAAAAAAAAAA	AAAAAAAAAAAAAAAAAAAAAAAAAAAAAAAAAAAAAAAAAAAAAAAAAAAAAAAAAAAAAAAAAAAAAAAAAAAAAAAA	IDENTITY		
mapPacBio	unknown		BBBBBBBBBBBBBBBBBBBBBBBBBBBBBBBBBBBBBBBBBBBBBBBBBBBBBBBBBBBBBBBBBBBBBBBBBBBBBBBB	BBBBBBBBBBBBBBBBBBBBBBBBBBBBBBBBBBBBBBBBBBBBBBBBBBBBBBBBBBBBBBBBBBBBBBBBBBBBBBBB	IDENTITY		
mapPacBio	unknown		1234567890	1234567890	IDENTITY		
mapPacBio	unknown		00000123	00000123	IDENTITY		
mapPacBio	unknown		-id_dash_lead	-id_dash_lead	IDENTITY		
mapPacBio	unknown		-42	-42	IDENTITY		
mapPacBio	unknown		01234567-89AB-CDEF-0123-456789ABCDEF	01234567-89AB-CDEF-0123-456789ABCDEF	IDENTITY		
mapPacBio	unknown		dup_id	dup_id	IDENTITY		
mapPacBio	unknown		dup_id	dup_id duplicate_occurrence	COMMENT_LEAKED		space+comment appended to QNAME (SAM spec violation; mapPacBio copies full FASTQ header)
mapPacBio	unknown		id_with_at@symbol	id_with_at@symbol	IDENTITY		
mapPacBio	unknown		bare_id	bare_id	IDENTITY		
mapPacBio	unknown		id_trailing_space	id_trailing_space 	COMMENT_LEAKED		sanitizer _need_san=False (bare_id first record); space+comment in BAM QNAME field (SAM spec violation)
mapPacBio	unknown		id_space_comment	id_space_comment some plain comment text	COMMENT_LEAKED		sanitizer _need_san=False (bare_id first record); space+comment in BAM QNAME field (SAM spec violation)
mapPacBio	unknown		id_dorado_style	id_dorado_style runid=abc ch=42 start_time=2024 flow_cell_id=XYZ	COMMENT_LEAKED		sanitizer _need_san=False (bare_id first record); space+comment in BAM QNAME field (SAM spec violation)
mapPacBio	unknown		id_multi_space	id_multi_space  one  two  three	COMMENT_LEAKED		sanitizer _need_san=False (bare_id first record); space+comment in BAM QNAME field (SAM spec violation)
mapPacBio	unknown		id_tab_XA	id_tab_XA_XA:Z:foo	MUTATED_CHARS		sanitizer missed; tab→underscore+comment leaked into BAM QNAME field
mapPacBio	unknown		id_tab_multi	id_tab_multi_XA:Z:foo_XC:i:42_XF:Z:bar	MUTATED_CHARS		sanitizer missed; tab→underscore+comment leaked into BAM QNAME field
mapPacBio	unknown		id_mate_slash_1/1	id_mate_slash_1/1	IDENTITY		
mapPacBio	unknown		id_mate_slash_2/2	id_mate_slash_2/2	IDENTITY		
mapPacBio	unknown		id_illumina_1	id_illumina_1 1:N:0:ATCGAT	COMMENT_LEAKED		sanitizer _need_san=False (bare_id first record); space+comment in BAM QNAME field (SAM spec violation)
mapPacBio	unknown		id_illumina_2	id_illumina_2 2:N:0:ATCGAT	COMMENT_LEAKED		sanitizer _need_san=False (bare_id first record); space+comment in BAM QNAME field (SAM spec violation)
mapPacBio	unknown		id_colon:char	id_colon:char	IDENTITY		
mapPacBio	unknown		id_slash/char	id_slash/char	IDENTITY		
mapPacBio	unknown		id_pipe|char	id_pipe|char	IDENTITY		
mapPacBio	unknown		id_dash-char	id_dash-char	IDENTITY		
mapPacBio	unknown		id_underscore_char	id_underscore_char	IDENTITY		
mapPacBio	unknown		id_dot.char	id_dot.char	IDENTITY		
mapPacBio	unknown		id_hash#char	id_hash#char	IDENTITY		
mapPacBio	unknown		id_equals=char	id_equals=char	IDENTITY		
mapPacBio	unknown		id_plus+char	id_plus+char	IDENTITY		
mapPacBio	unknown		id_comma,char	id_comma,char	IDENTITY		
mapPacBio	unknown		id_semicolon;char	id_semicolon;char	IDENTITY		
mapPacBio	unknown		id_star*char	id_star*char	IDENTITY		
mapPacBio	unknown		id_opensquare[char	id_opensquare[char	IDENTITY		
mapPacBio	unknown		id_closesquare]char	id_closesquare]char	IDENTITY		
mapPacBio	unknown		id_openparen(char	id_openparen(char	IDENTITY		
mapPacBio	unknown		id_closeparen)char	id_closeparen)char	IDENTITY		
mapPacBio	unknown		id_opencurly{char	id_opencurly{char	IDENTITY		
mapPacBio	unknown		id_closecurly}char	id_closecurly}char	IDENTITY		
mapPacBio	unknown		id_lt<char	id_lt<char	IDENTITY		
mapPacBio	unknown		id_gt>char	id_gt>char	IDENTITY		
mapPacBio	unknown		id_question?char	id_question?char	IDENTITY		
mapPacBio	unknown		id_exclaim!char	id_exclaim!char	IDENTITY		
mapPacBio	unknown		id_tilde~char	id_tilde~char	IDENTITY		
mapPacBio	unknown		id_caret^char	id_caret^char	IDENTITY		
mapPacBio	unknown		id_ampersand&char	id_ampersand&char	IDENTITY		
mapPacBio	unknown		id_percent%char	id_percent%char	IDENTITY		
mapPacBio	unknown		id_dollar$char	id_dollar$char	IDENTITY		
mapPacBio	unknown		id_singlequote'char	id_singlequote'char	IDENTITY		
mapPacBio	unknown		"id_doublequote""char"	"id_doublequote""char"	IDENTITY		
mapPacBio	unknown		id_backtick`char	id_backtick`char	IDENTITY		
mapPacBio	unknown		a	a	IDENTITY		
mapPacBio	unknown		01234567-89ab-cdef-0123-456789abcdef	01234567-89ab-cdef-0123-456789abcdef	IDENTITY		
mapPacBio	unknown		AAAAAAAAAAAAAAAAAAAAAAAAAAAAAAAAAAAAAAAAAAAAAAAAAAAAAAAAAAAAAAAAAAAAAAAAAAAAAAAA	AAAAAAAAAAAAAAAAAAAAAAAAAAAAAAAAAAAAAAAAAAAAAAAAAAAAAAAAAAAAAAAAAAAAAAAAAAAAAAAA	IDENTITY		
mapPacBio	unknown		BBBBBBBBBBBBBBBBBBBBBBBBBBBBBBBBBBBBBBBBBBBBBBBBBBBBBBBBBBBBBBBBBBBBBBBBBBBBBBBB	BBBBBBBBBBBBBBBBBBBBBBBBBBBBBBBBBBBBBBBBBBBBBBBBBBBBBBBBBBBBBBBBBBBBBBBBBBBBBBBB	IDENTITY		
mapPacBio	unknown		1234567890	1234567890	IDENTITY		
mapPacBio	unknown		00000123	00000123	IDENTITY		
mapPacBio	unknown		-id_dash_lead	-id_dash_lead	IDENTITY		
mapPacBio	unknown		-42	-42	IDENTITY		
mapPacBio	unknown		01234567-89AB-CDEF-0123-456789ABCDEF	01234567-89AB-CDEF-0123-456789ABCDEF	IDENTITY		
mapPacBio	unknown		dup_id	dup_id	IDENTITY		
mapPacBio	unknown		dup_id	dup_id duplicate_occurrence	COMMENT_LEAKED		sanitizer _need_san=False (bare_id first record); space+comment in BAM QNAME field (SAM spec violation)
mapPacBio	unknown		id_with_at@symbol	id_with_at@symbol	IDENTITY		
minimap2	unknown		CCCCCCCCCCCCCCCCCCCC...[256]	CRASHED	CRASHED		"samtools view: ""query name too long"""
minimap2	unknown		CCCCCCCCCCCCCCCCCCCC...[256]	CRASHED	CRASHED		"samtools view: ""query name too long"""
mapPacBio	unknown		CCCCCCCCCCCCCCCCCCCC...[256]	CRASHED	CRASHED		"samtools view: ""query name too long"""
mapPacBio	unknown		CCCCCCCCCCCCCCCCCCCC...[256]	CRASHED	CRASHED		"samtools view: ""query name too long"""
deSALT	unknown		CCCCCCCCCCCCCCCCCCCC...[256]	N/A	N/A		Adversarial cases not in cleaned/safe FASTQ
deSALT	unknown		CCCCCCCCCCCCCCCCCCCC...[256]	N/A	N/A		Adversarial cases not in cleaned/safe FASTQ
minimap2	unknown		DDDDDDDDDDDDDDDDDDDD...[1024]	CRASHED	CRASHED		"samtools view: ""query name too long"""
minimap2	unknown		DDDDDDDDDDDDDDDDDDDD...[1024]	CRASHED	CRASHED		"samtools view: ""query name too long"""
mapPacBio	unknown		DDDDDDDDDDDDDDDDDDDD...[1024]	CRASHED	CRASHED		"samtools view: ""query name too long"""
mapPacBio	unknown		DDDDDDDDDDDDDDDDDDDD...[1024]	CRASHED	CRASHED		"samtools view: ""query name too long"""
deSALT	unknown		DDDDDDDDDDDDDDDDDDDD...[1024]	N/A	N/A		Adversarial cases not in cleaned/safe FASTQ
deSALT	unknown		DDDDDDDDDDDDDDDDDDDD...[1024]	N/A	N/A		Adversarial cases not in cleaned/safe FASTQ
minimap2	unknown		'id_nul\x00byte'	id_nul	TRUNCATED_WHITESPACE		NUL byte truncates QNAME at C string terminator: 10 chars → 6 chars
minimap2	unknown		'id_nul\x00byte'	id_nul	TRUNCATED_WHITESPACE		NUL byte truncates QNAME at C string terminator: 10 chars → 6 chars
mapPacBio	unknown		'id_nul\x00byte'	id_nul	TRUNCATED_WHITESPACE		NUL byte truncates QNAME at C string terminator: 10 chars → 6 chars
mapPacBio	unknown		'id_nul\x00byte'	id_nul	TRUNCATED_WHITESPACE		NUL byte truncates QNAME at C string terminator: 10 chars → 6 chars
deSALT	unknown		'id_nul\x00byte'	N/A	N/A		Adversarial cases not in cleaned/safe FASTQ
deSALT	unknown		'id_nul\x00byte'	N/A	N/A		Adversarial cases not in cleaned/safe FASTQ
gapmm2	raw	Bare QNAME, no comment	(synthetic)	0_records	DROPPED		Raw gapmm2 binary; no _clean_fastq preprocessing. Synthetic reads lack ts:A:+/- strand tag; gapmm2 produces empty PAF (0 records, exit 0). Real DRS reads with ts: tag map with IDENTITY QNAMEs (bare UUID from PAF field[0]).
gapmm2	raw	Trailing space before newline	(synthetic)	0_records	DROPPED		Raw gapmm2 binary; no _clean_fastq preprocessing. Synthetic reads lack ts:A:+/- strand tag; gapmm2 produces empty PAF (0 records, exit 0). Real DRS reads with ts: tag map with IDENTITY QNAMEs (bare UUID from PAF field[0]).
gapmm2	raw	Space + plain comment	(synthetic)	0_records	DROPPED		Raw gapmm2 binary; no _clean_fastq preprocessing. Synthetic reads lack ts:A:+/- strand tag; gapmm2 produces empty PAF (0 records, exit 0). Real DRS reads with ts: tag map with IDENTITY QNAMEs (bare UUID from PAF field[0]).
gapmm2	raw	ONT Dorado-style space-separated header	(synthetic)	0_records	DROPPED		Raw gapmm2 binary; no _clean_fastq preprocessing. Synthetic reads lack ts:A:+/- strand tag; gapmm2 produces empty PAF (0 records, exit 0). Real DRS reads with ts: tag map with IDENTITY QNAMEs (bare UUID from PAF field[0]).
gapmm2	raw	Multiple spaces in comment	(synthetic)	0_records	DROPPED		Raw gapmm2 binary; no _clean_fastq preprocessing. Synthetic reads lack ts:A:+/- strand tag; gapmm2 produces empty PAF (0 records, exit 0). Real DRS reads with ts: tag map with IDENTITY QNAMEs (bare UUID from PAF field[0]).
gapmm2	raw	Tab-separated single tag	(synthetic)	0_records	DROPPED		Raw gapmm2 binary; no _clean_fastq preprocessing. Synthetic reads lack ts:A:+/- strand tag; gapmm2 produces empty PAF (0 records, exit 0). Real DRS reads with ts: tag map with IDENTITY QNAMEs (bare UUID from PAF field[0]).
gapmm2	raw	Tab-separated multiple tags	(synthetic)	0_records	DROPPED		Raw gapmm2 binary; no _clean_fastq preprocessing. Synthetic reads lack ts:A:+/- strand tag; gapmm2 produces empty PAF (0 records, exit 0). Real DRS reads with ts: tag map with IDENTITY QNAMEs (bare UUID from PAF field[0]).
gapmm2	raw	Slash-1 mate suffix in QNAME body	(synthetic)	0_records	DROPPED		Raw gapmm2 binary; no _clean_fastq preprocessing. Synthetic reads lack ts:A:+/- strand tag; gapmm2 produces empty PAF (0 records, exit 0). Real DRS reads with ts: tag map with IDENTITY QNAMEs (bare UUID from PAF field[0]).
gapmm2	raw	Slash-2 mate suffix in QNAME body	(synthetic)	0_records	DROPPED		Raw gapmm2 binary; no _clean_fastq preprocessing. Synthetic reads lack ts:A:+/- strand tag; gapmm2 produces empty PAF (0 records, exit 0). Real DRS reads with ts: tag map with IDENTITY QNAMEs (bare UUID from PAF field[0]).
gapmm2	raw	Illumina read 1 comment	(synthetic)	0_records	DROPPED		Raw gapmm2 binary; no _clean_fastq preprocessing. Synthetic reads lack ts:A:+/- strand tag; gapmm2 produces empty PAF (0 records, exit 0). Real DRS reads with ts: tag map with IDENTITY QNAMEs (bare UUID from PAF field[0]).
gapmm2	raw	Illumina read 2 comment	(synthetic)	0_records	DROPPED		Raw gapmm2 binary; no _clean_fastq preprocessing. Synthetic reads lack ts:A:+/- strand tag; gapmm2 produces empty PAF (0 records, exit 0). Real DRS reads with ts: tag map with IDENTITY QNAMEs (bare UUID from PAF field[0]).
gapmm2	raw	Colon in QNAME	(synthetic)	0_records	DROPPED		Raw gapmm2 binary; no _clean_fastq preprocessing. Synthetic reads lack ts:A:+/- strand tag; gapmm2 produces empty PAF (0 records, exit 0). Real DRS reads with ts: tag map with IDENTITY QNAMEs (bare UUID from PAF field[0]).
gapmm2	raw	Slash in QNAME	(synthetic)	0_records	DROPPED		Raw gapmm2 binary; no _clean_fastq preprocessing. Synthetic reads lack ts:A:+/- strand tag; gapmm2 produces empty PAF (0 records, exit 0). Real DRS reads with ts: tag map with IDENTITY QNAMEs (bare UUID from PAF field[0]).
gapmm2	raw	Pipe in QNAME	(synthetic)	0_records	DROPPED		Raw gapmm2 binary; no _clean_fastq preprocessing. Synthetic reads lack ts:A:+/- strand tag; gapmm2 produces empty PAF (0 records, exit 0). Real DRS reads with ts: tag map with IDENTITY QNAMEs (bare UUID from PAF field[0]).
gapmm2	raw	Dash in QNAME	(synthetic)	0_records	DROPPED		Raw gapmm2 binary; no _clean_fastq preprocessing. Synthetic reads lack ts:A:+/- strand tag; gapmm2 produces empty PAF (0 records, exit 0). Real DRS reads with ts: tag map with IDENTITY QNAMEs (bare UUID from PAF field[0]).
gapmm2	raw	Underscore in QNAME	(synthetic)	0_records	DROPPED		Raw gapmm2 binary; no _clean_fastq preprocessing. Synthetic reads lack ts:A:+/- strand tag; gapmm2 produces empty PAF (0 records, exit 0). Real DRS reads with ts: tag map with IDENTITY QNAMEs (bare UUID from PAF field[0]).
gapmm2	raw	Dot in QNAME	(synthetic)	0_records	DROPPED		Raw gapmm2 binary; no _clean_fastq preprocessing. Synthetic reads lack ts:A:+/- strand tag; gapmm2 produces empty PAF (0 records, exit 0). Real DRS reads with ts: tag map with IDENTITY QNAMEs (bare UUID from PAF field[0]).
gapmm2	raw	Hash in QNAME	(synthetic)	0_records	DROPPED		Raw gapmm2 binary; no _clean_fastq preprocessing. Synthetic reads lack ts:A:+/- strand tag; gapmm2 produces empty PAF (0 records, exit 0). Real DRS reads with ts: tag map with IDENTITY QNAMEs (bare UUID from PAF field[0]).
gapmm2	raw	Equals in QNAME	(synthetic)	0_records	DROPPED		Raw gapmm2 binary; no _clean_fastq preprocessing. Synthetic reads lack ts:A:+/- strand tag; gapmm2 produces empty PAF (0 records, exit 0). Real DRS reads with ts: tag map with IDENTITY QNAMEs (bare UUID from PAF field[0]).
gapmm2	raw	Plus in QNAME	(synthetic)	0_records	DROPPED		Raw gapmm2 binary; no _clean_fastq preprocessing. Synthetic reads lack ts:A:+/- strand tag; gapmm2 produces empty PAF (0 records, exit 0). Real DRS reads with ts: tag map with IDENTITY QNAMEs (bare UUID from PAF field[0]).
gapmm2	raw	Comma in QNAME	(synthetic)	0_records	DROPPED		Raw gapmm2 binary; no _clean_fastq preprocessing. Synthetic reads lack ts:A:+/- strand tag; gapmm2 produces empty PAF (0 records, exit 0). Real DRS reads with ts: tag map with IDENTITY QNAMEs (bare UUID from PAF field[0]).
gapmm2	raw	Semicolon in QNAME	(synthetic)	0_records	DROPPED		Raw gapmm2 binary; no _clean_fastq preprocessing. Synthetic reads lack ts:A:+/- strand tag; gapmm2 produces empty PAF (0 records, exit 0). Real DRS reads with ts: tag map with IDENTITY QNAMEs (bare UUID from PAF field[0]).
gapmm2	raw	Star/asterisk in QNAME	(synthetic)	0_records	DROPPED		Raw gapmm2 binary; no _clean_fastq preprocessing. Synthetic reads lack ts:A:+/- strand tag; gapmm2 produces empty PAF (0 records, exit 0). Real DRS reads with ts: tag map with IDENTITY QNAMEs (bare UUID from PAF field[0]).
gapmm2	raw	Open square bracket in QNAME	(synthetic)	0_records	DROPPED		Raw gapmm2 binary; no _clean_fastq preprocessing. Synthetic reads lack ts:A:+/- strand tag; gapmm2 produces empty PAF (0 records, exit 0). Real DRS reads with ts: tag map with IDENTITY QNAMEs (bare UUID from PAF field[0]).
gapmm2	raw	Close square bracket in QNAME	(synthetic)	0_records	DROPPED		Raw gapmm2 binary; no _clean_fastq preprocessing. Synthetic reads lack ts:A:+/- strand tag; gapmm2 produces empty PAF (0 records, exit 0). Real DRS reads with ts: tag map with IDENTITY QNAMEs (bare UUID from PAF field[0]).
gapmm2	raw	Open paren in QNAME	(synthetic)	0_records	DROPPED		Raw gapmm2 binary; no _clean_fastq preprocessing. Synthetic reads lack ts:A:+/- strand tag; gapmm2 produces empty PAF (0 records, exit 0). Real DRS reads with ts: tag map with IDENTITY QNAMEs (bare UUID from PAF field[0]).
gapmm2	raw	Close paren in QNAME	(synthetic)	0_records	DROPPED		Raw gapmm2 binary; no _clean_fastq preprocessing. Synthetic reads lack ts:A:+/- strand tag; gapmm2 produces empty PAF (0 records, exit 0). Real DRS reads with ts: tag map with IDENTITY QNAMEs (bare UUID from PAF field[0]).
gapmm2	raw	Open curly brace in QNAME	(synthetic)	0_records	DROPPED		Raw gapmm2 binary; no _clean_fastq preprocessing. Synthetic reads lack ts:A:+/- strand tag; gapmm2 produces empty PAF (0 records, exit 0). Real DRS reads with ts: tag map with IDENTITY QNAMEs (bare UUID from PAF field[0]).
gapmm2	raw	Close curly brace in QNAME	(synthetic)	0_records	DROPPED		Raw gapmm2 binary; no _clean_fastq preprocessing. Synthetic reads lack ts:A:+/- strand tag; gapmm2 produces empty PAF (0 records, exit 0). Real DRS reads with ts: tag map with IDENTITY QNAMEs (bare UUID from PAF field[0]).
gapmm2	raw	Less-than in QNAME	(synthetic)	0_records	DROPPED		Raw gapmm2 binary; no _clean_fastq preprocessing. Synthetic reads lack ts:A:+/- strand tag; gapmm2 produces empty PAF (0 records, exit 0). Real DRS reads with ts: tag map with IDENTITY QNAMEs (bare UUID from PAF field[0]).
gapmm2	raw	Greater-than in QNAME	(synthetic)	0_records	DROPPED		Raw gapmm2 binary; no _clean_fastq preprocessing. Synthetic reads lack ts:A:+/- strand tag; gapmm2 produces empty PAF (0 records, exit 0). Real DRS reads with ts: tag map with IDENTITY QNAMEs (bare UUID from PAF field[0]).
gapmm2	raw	Question mark in QNAME	(synthetic)	0_records	DROPPED		Raw gapmm2 binary; no _clean_fastq preprocessing. Synthetic reads lack ts:A:+/- strand tag; gapmm2 produces empty PAF (0 records, exit 0). Real DRS reads with ts: tag map with IDENTITY QNAMEs (bare UUID from PAF field[0]).
gapmm2	raw	Exclamation mark in QNAME	(synthetic)	0_records	DROPPED		Raw gapmm2 binary; no _clean_fastq preprocessing. Synthetic reads lack ts:A:+/- strand tag; gapmm2 produces empty PAF (0 records, exit 0). Real DRS reads with ts: tag map with IDENTITY QNAMEs (bare UUID from PAF field[0]).
gapmm2	raw	Tilde in QNAME	(synthetic)	0_records	DROPPED		Raw gapmm2 binary; no _clean_fastq preprocessing. Synthetic reads lack ts:A:+/- strand tag; gapmm2 produces empty PAF (0 records, exit 0). Real DRS reads with ts: tag map with IDENTITY QNAMEs (bare UUID from PAF field[0]).
gapmm2	raw	Caret in QNAME	(synthetic)	0_records	DROPPED		Raw gapmm2 binary; no _clean_fastq preprocessing. Synthetic reads lack ts:A:+/- strand tag; gapmm2 produces empty PAF (0 records, exit 0). Real DRS reads with ts: tag map with IDENTITY QNAMEs (bare UUID from PAF field[0]).
gapmm2	raw	Ampersand in QNAME	(synthetic)	0_records	DROPPED		Raw gapmm2 binary; no _clean_fastq preprocessing. Synthetic reads lack ts:A:+/- strand tag; gapmm2 produces empty PAF (0 records, exit 0). Real DRS reads with ts: tag map with IDENTITY QNAMEs (bare UUID from PAF field[0]).
gapmm2	raw	Percent in QNAME	(synthetic)	0_records	DROPPED		Raw gapmm2 binary; no _clean_fastq preprocessing. Synthetic reads lack ts:A:+/- strand tag; gapmm2 produces empty PAF (0 records, exit 0). Real DRS reads with ts: tag map with IDENTITY QNAMEs (bare UUID from PAF field[0]).
gapmm2	raw	Dollar in QNAME	(synthetic)	0_records	DROPPED		Raw gapmm2 binary; no _clean_fastq preprocessing. Synthetic reads lack ts:A:+/- strand tag; gapmm2 produces empty PAF (0 records, exit 0). Real DRS reads with ts: tag map with IDENTITY QNAMEs (bare UUID from PAF field[0]).
gapmm2	raw	Single quote in QNAME	(synthetic)	0_records	DROPPED		Raw gapmm2 binary; no _clean_fastq preprocessing. Synthetic reads lack ts:A:+/- strand tag; gapmm2 produces empty PAF (0 records, exit 0). Real DRS reads with ts: tag map with IDENTITY QNAMEs (bare UUID from PAF field[0]).
gapmm2	raw	Double quote in QNAME	(synthetic)	0_records	DROPPED		Raw gapmm2 binary; no _clean_fastq preprocessing. Synthetic reads lack ts:A:+/- strand tag; gapmm2 produces empty PAF (0 records, exit 0). Real DRS reads with ts: tag map with IDENTITY QNAMEs (bare UUID from PAF field[0]).
gapmm2	raw	Backtick in QNAME	(synthetic)	0_records	DROPPED		Raw gapmm2 binary; no _clean_fastq preprocessing. Synthetic reads lack ts:A:+/- strand tag; gapmm2 produces empty PAF (0 records, exit 0). Real DRS reads with ts: tag map with IDENTITY QNAMEs (bare UUID from PAF field[0]).
gapmm2	raw	1-char QNAME	(synthetic)	0_records	DROPPED		Raw gapmm2 binary; no _clean_fastq preprocessing. Synthetic reads lack ts:A:+/- strand tag; gapmm2 produces empty PAF (0 records, exit 0). Real DRS reads with ts: tag map with IDENTITY QNAMEs (bare UUID from PAF field[0]).
gapmm2	raw	36-char UUID (typical Dorado)	(synthetic)	0_records	DROPPED		Raw gapmm2 binary; no _clean_fastq preprocessing. Synthetic reads lack ts:A:+/- strand tag; gapmm2 produces empty PAF (0 records, exit 0). Real DRS reads with ts: tag map with IDENTITY QNAMEs (bare UUID from PAF field[0]).
gapmm2	raw	100-char QNAME	(synthetic)	0_records	DROPPED		Raw gapmm2 binary; no _clean_fastq preprocessing. Synthetic reads lack ts:A:+/- strand tag; gapmm2 produces empty PAF (0 records, exit 0). Real DRS reads with ts: tag map with IDENTITY QNAMEs (bare UUID from PAF field[0]).
gapmm2	raw	254-char QNAME (SAM spec limit)	(synthetic)	0_records	DROPPED		Raw gapmm2 binary; no _clean_fastq preprocessing. Synthetic reads lack ts:A:+/- strand tag; gapmm2 produces empty PAF (0 records, exit 0). Real DRS reads with ts: tag map with IDENTITY QNAMEs (bare UUID from PAF field[0]).
gapmm2	raw	Numeric-only QNAME	(synthetic)	0_records	DROPPED		Raw gapmm2 binary; no _clean_fastq preprocessing. Synthetic reads lack ts:A:+/- strand tag; gapmm2 produces empty PAF (0 records, exit 0). Real DRS reads with ts: tag map with IDENTITY QNAMEs (bare UUID from PAF field[0]).
gapmm2	raw	Leading-zeros QNAME	(synthetic)	0_records	DROPPED		Raw gapmm2 binary; no _clean_fastq preprocessing. Synthetic reads lack ts:A:+/- strand tag; gapmm2 produces empty PAF (0 records, exit 0). Real DRS reads with ts: tag map with IDENTITY QNAMEs (bare UUID from PAF field[0]).
gapmm2	raw	Leading-dash QNAME (CLI hazard)	(synthetic)	0_records	DROPPED		Raw gapmm2 binary; no _clean_fastq preprocessing. Synthetic reads lack ts:A:+/- strand tag; gapmm2 produces empty PAF (0 records, exit 0). Real DRS reads with ts: tag map with IDENTITY QNAMEs (bare UUID from PAF field[0]).
gapmm2	raw	Negative-looking QNAME	(synthetic)	0_records	DROPPED		Raw gapmm2 binary; no _clean_fastq preprocessing. Synthetic reads lack ts:A:+/- strand tag; gapmm2 produces empty PAF (0 records, exit 0). Real DRS reads with ts: tag map with IDENTITY QNAMEs (bare UUID from PAF field[0]).
gapmm2	raw	Uppercase UUID	(synthetic)	0_records	DROPPED		Raw gapmm2 binary; no _clean_fastq preprocessing. Synthetic reads lack ts:A:+/- strand tag; gapmm2 produces empty PAF (0 records, exit 0). Real DRS reads with ts: tag map with IDENTITY QNAMEs (bare UUID from PAF field[0]).
gapmm2	raw	First occurrence of duplicate QNAME	(synthetic)	0_records	DROPPED		Raw gapmm2 binary; no _clean_fastq preprocessing. Synthetic reads lack ts:A:+/- strand tag; gapmm2 produces empty PAF (0 records, exit 0). Real DRS reads with ts: tag map with IDENTITY QNAMEs (bare UUID from PAF field[0]).
gapmm2	raw	Second occurrence of duplicate QNAME (different comment)	(synthetic)	0_records	DROPPED		Raw gapmm2 binary; no _clean_fastq preprocessing. Synthetic reads lack ts:A:+/- strand tag; gapmm2 produces empty PAF (0 records, exit 0). Real DRS reads with ts: tag map with IDENTITY QNAMEs (bare UUID from PAF field[0]).
gapmm2	raw	QNAME containing literal @	(synthetic)	0_records	DROPPED		Raw gapmm2 binary; no _clean_fastq preprocessing. Synthetic reads lack ts:A:+/- strand tag; gapmm2 produces empty PAF (0 records, exit 0). Real DRS reads with ts: tag map with IDENTITY QNAMEs (bare UUID from PAF field[0]).
gapmm2	raw	256-char QNAME (over SAM 254-char limit)	(synthetic)	N/A	N/A		256-char QNAME body; no ts: tag so 0 records. If mapped: raw passes 256-char QNAME to PAF (pysam may reject); wrapped: _clean_fastq strips comment, 256-char bare QNAME body passes through.
gapmm2	raw	1024-char QNAME (way over limit)	(synthetic)	N/A	N/A		1024-char QNAME body; no ts: tag so 0 records. If mapped: raw passes 1024-char QNAME to PAF (pysam rejects); wrapped: _clean_fastq strips comment, 1024-char bare QNAME body passes through.
gapmm2	raw	QNAME with NUL byte (\x00)	(synthetic)	N/A	N/A		NUL byte in QNAME body; no ts: tag so 0 records. If mapped: str.split() stops at whitespace not NUL; NUL in QNAME body passes to PAF.
gapmm2	wrapped	Bare QNAME, no comment	(synthetic)	0_records	DROPPED		Rectify run_gapmm2 wrapper; _clean_fastq strips FASTQ comments before gapmm2 invocation. Synthetic reads lack ts:A:+/- strand tag; gapmm2 produces empty PAF (0 records, exit 0). Real DRS reads with ts: tag map with IDENTITY QNAMEs (bare UUID from PAF field[0]).
gapmm2	wrapped	Trailing space before newline	(synthetic)	0_records	DROPPED		Rectify run_gapmm2 wrapper; _clean_fastq strips FASTQ comments before gapmm2 invocation. Synthetic reads lack ts:A:+/- strand tag; gapmm2 produces empty PAF (0 records, exit 0). Real DRS reads with ts: tag map with IDENTITY QNAMEs (bare UUID from PAF field[0]).
gapmm2	wrapped	Space + plain comment	(synthetic)	0_records	DROPPED		Rectify run_gapmm2 wrapper; _clean_fastq strips FASTQ comments before gapmm2 invocation. Synthetic reads lack ts:A:+/- strand tag; gapmm2 produces empty PAF (0 records, exit 0). Real DRS reads with ts: tag map with IDENTITY QNAMEs (bare UUID from PAF field[0]).
gapmm2	wrapped	ONT Dorado-style space-separated header	(synthetic)	0_records	DROPPED		Rectify run_gapmm2 wrapper; _clean_fastq strips FASTQ comments before gapmm2 invocation. Synthetic reads lack ts:A:+/- strand tag; gapmm2 produces empty PAF (0 records, exit 0). Real DRS reads with ts: tag map with IDENTITY QNAMEs (bare UUID from PAF field[0]).
gapmm2	wrapped	Multiple spaces in comment	(synthetic)	0_records	DROPPED		Rectify run_gapmm2 wrapper; _clean_fastq strips FASTQ comments before gapmm2 invocation. Synthetic reads lack ts:A:+/- strand tag; gapmm2 produces empty PAF (0 records, exit 0). Real DRS reads with ts: tag map with IDENTITY QNAMEs (bare UUID from PAF field[0]).
gapmm2	wrapped	Tab-separated single tag	(synthetic)	0_records	DROPPED		Rectify run_gapmm2 wrapper; _clean_fastq strips FASTQ comments before gapmm2 invocation. Synthetic reads lack ts:A:+/- strand tag; gapmm2 produces empty PAF (0 records, exit 0). Real DRS reads with ts: tag map with IDENTITY QNAMEs (bare UUID from PAF field[0]).
gapmm2	wrapped	Tab-separated multiple tags	(synthetic)	0_records	DROPPED		Rectify run_gapmm2 wrapper; _clean_fastq strips FASTQ comments before gapmm2 invocation. Synthetic reads lack ts:A:+/- strand tag; gapmm2 produces empty PAF (0 records, exit 0). Real DRS reads with ts: tag map with IDENTITY QNAMEs (bare UUID from PAF field[0]).
gapmm2	wrapped	Slash-1 mate suffix in QNAME body	(synthetic)	0_records	DROPPED		Rectify run_gapmm2 wrapper; _clean_fastq strips FASTQ comments before gapmm2 invocation. Synthetic reads lack ts:A:+/- strand tag; gapmm2 produces empty PAF (0 records, exit 0). Real DRS reads with ts: tag map with IDENTITY QNAMEs (bare UUID from PAF field[0]).
gapmm2	wrapped	Slash-2 mate suffix in QNAME body	(synthetic)	0_records	DROPPED		Rectify run_gapmm2 wrapper; _clean_fastq strips FASTQ comments before gapmm2 invocation. Synthetic reads lack ts:A:+/- strand tag; gapmm2 produces empty PAF (0 records, exit 0). Real DRS reads with ts: tag map with IDENTITY QNAMEs (bare UUID from PAF field[0]).
gapmm2	wrapped	Illumina read 1 comment	(synthetic)	0_records	DROPPED		Rectify run_gapmm2 wrapper; _clean_fastq strips FASTQ comments before gapmm2 invocation. Synthetic reads lack ts:A:+/- strand tag; gapmm2 produces empty PAF (0 records, exit 0). Real DRS reads with ts: tag map with IDENTITY QNAMEs (bare UUID from PAF field[0]).
gapmm2	wrapped	Illumina read 2 comment	(synthetic)	0_records	DROPPED		Rectify run_gapmm2 wrapper; _clean_fastq strips FASTQ comments before gapmm2 invocation. Synthetic reads lack ts:A:+/- strand tag; gapmm2 produces empty PAF (0 records, exit 0). Real DRS reads with ts: tag map with IDENTITY QNAMEs (bare UUID from PAF field[0]).
gapmm2	wrapped	Colon in QNAME	(synthetic)	0_records	DROPPED		Rectify run_gapmm2 wrapper; _clean_fastq strips FASTQ comments before gapmm2 invocation. Synthetic reads lack ts:A:+/- strand tag; gapmm2 produces empty PAF (0 records, exit 0). Real DRS reads with ts: tag map with IDENTITY QNAMEs (bare UUID from PAF field[0]).
gapmm2	wrapped	Slash in QNAME	(synthetic)	0_records	DROPPED		Rectify run_gapmm2 wrapper; _clean_fastq strips FASTQ comments before gapmm2 invocation. Synthetic reads lack ts:A:+/- strand tag; gapmm2 produces empty PAF (0 records, exit 0). Real DRS reads with ts: tag map with IDENTITY QNAMEs (bare UUID from PAF field[0]).
gapmm2	wrapped	Pipe in QNAME	(synthetic)	0_records	DROPPED		Rectify run_gapmm2 wrapper; _clean_fastq strips FASTQ comments before gapmm2 invocation. Synthetic reads lack ts:A:+/- strand tag; gapmm2 produces empty PAF (0 records, exit 0). Real DRS reads with ts: tag map with IDENTITY QNAMEs (bare UUID from PAF field[0]).
gapmm2	wrapped	Dash in QNAME	(synthetic)	0_records	DROPPED		Rectify run_gapmm2 wrapper; _clean_fastq strips FASTQ comments before gapmm2 invocation. Synthetic reads lack ts:A:+/- strand tag; gapmm2 produces empty PAF (0 records, exit 0). Real DRS reads with ts: tag map with IDENTITY QNAMEs (bare UUID from PAF field[0]).
gapmm2	wrapped	Underscore in QNAME	(synthetic)	0_records	DROPPED		Rectify run_gapmm2 wrapper; _clean_fastq strips FASTQ comments before gapmm2 invocation. Synthetic reads lack ts:A:+/- strand tag; gapmm2 produces empty PAF (0 records, exit 0). Real DRS reads with ts: tag map with IDENTITY QNAMEs (bare UUID from PAF field[0]).
gapmm2	wrapped	Dot in QNAME	(synthetic)	0_records	DROPPED		Rectify run_gapmm2 wrapper; _clean_fastq strips FASTQ comments before gapmm2 invocation. Synthetic reads lack ts:A:+/- strand tag; gapmm2 produces empty PAF (0 records, exit 0). Real DRS reads with ts: tag map with IDENTITY QNAMEs (bare UUID from PAF field[0]).
gapmm2	wrapped	Hash in QNAME	(synthetic)	0_records	DROPPED		Rectify run_gapmm2 wrapper; _clean_fastq strips FASTQ comments before gapmm2 invocation. Synthetic reads lack ts:A:+/- strand tag; gapmm2 produces empty PAF (0 records, exit 0). Real DRS reads with ts: tag map with IDENTITY QNAMEs (bare UUID from PAF field[0]).
gapmm2	wrapped	Equals in QNAME	(synthetic)	0_records	DROPPED		Rectify run_gapmm2 wrapper; _clean_fastq strips FASTQ comments before gapmm2 invocation. Synthetic reads lack ts:A:+/- strand tag; gapmm2 produces empty PAF (0 records, exit 0). Real DRS reads with ts: tag map with IDENTITY QNAMEs (bare UUID from PAF field[0]).
gapmm2	wrapped	Plus in QNAME	(synthetic)	0_records	DROPPED		Rectify run_gapmm2 wrapper; _clean_fastq strips FASTQ comments before gapmm2 invocation. Synthetic reads lack ts:A:+/- strand tag; gapmm2 produces empty PAF (0 records, exit 0). Real DRS reads with ts: tag map with IDENTITY QNAMEs (bare UUID from PAF field[0]).
gapmm2	wrapped	Comma in QNAME	(synthetic)	0_records	DROPPED		Rectify run_gapmm2 wrapper; _clean_fastq strips FASTQ comments before gapmm2 invocation. Synthetic reads lack ts:A:+/- strand tag; gapmm2 produces empty PAF (0 records, exit 0). Real DRS reads with ts: tag map with IDENTITY QNAMEs (bare UUID from PAF field[0]).
gapmm2	wrapped	Semicolon in QNAME	(synthetic)	0_records	DROPPED		Rectify run_gapmm2 wrapper; _clean_fastq strips FASTQ comments before gapmm2 invocation. Synthetic reads lack ts:A:+/- strand tag; gapmm2 produces empty PAF (0 records, exit 0). Real DRS reads with ts: tag map with IDENTITY QNAMEs (bare UUID from PAF field[0]).
gapmm2	wrapped	Star/asterisk in QNAME	(synthetic)	0_records	DROPPED		Rectify run_gapmm2 wrapper; _clean_fastq strips FASTQ comments before gapmm2 invocation. Synthetic reads lack ts:A:+/- strand tag; gapmm2 produces empty PAF (0 records, exit 0). Real DRS reads with ts: tag map with IDENTITY QNAMEs (bare UUID from PAF field[0]).
gapmm2	wrapped	Open square bracket in QNAME	(synthetic)	0_records	DROPPED		Rectify run_gapmm2 wrapper; _clean_fastq strips FASTQ comments before gapmm2 invocation. Synthetic reads lack ts:A:+/- strand tag; gapmm2 produces empty PAF (0 records, exit 0). Real DRS reads with ts: tag map with IDENTITY QNAMEs (bare UUID from PAF field[0]).
gapmm2	wrapped	Close square bracket in QNAME	(synthetic)	0_records	DROPPED		Rectify run_gapmm2 wrapper; _clean_fastq strips FASTQ comments before gapmm2 invocation. Synthetic reads lack ts:A:+/- strand tag; gapmm2 produces empty PAF (0 records, exit 0). Real DRS reads with ts: tag map with IDENTITY QNAMEs (bare UUID from PAF field[0]).
gapmm2	wrapped	Open paren in QNAME	(synthetic)	0_records	DROPPED		Rectify run_gapmm2 wrapper; _clean_fastq strips FASTQ comments before gapmm2 invocation. Synthetic reads lack ts:A:+/- strand tag; gapmm2 produces empty PAF (0 records, exit 0). Real DRS reads with ts: tag map with IDENTITY QNAMEs (bare UUID from PAF field[0]).
gapmm2	wrapped	Close paren in QNAME	(synthetic)	0_records	DROPPED		Rectify run_gapmm2 wrapper; _clean_fastq strips FASTQ comments before gapmm2 invocation. Synthetic reads lack ts:A:+/- strand tag; gapmm2 produces empty PAF (0 records, exit 0). Real DRS reads with ts: tag map with IDENTITY QNAMEs (bare UUID from PAF field[0]).
gapmm2	wrapped	Open curly brace in QNAME	(synthetic)	0_records	DROPPED		Rectify run_gapmm2 wrapper; _clean_fastq strips FASTQ comments before gapmm2 invocation. Synthetic reads lack ts:A:+/- strand tag; gapmm2 produces empty PAF (0 records, exit 0). Real DRS reads with ts: tag map with IDENTITY QNAMEs (bare UUID from PAF field[0]).
gapmm2	wrapped	Close curly brace in QNAME	(synthetic)	0_records	DROPPED		Rectify run_gapmm2 wrapper; _clean_fastq strips FASTQ comments before gapmm2 invocation. Synthetic reads lack ts:A:+/- strand tag; gapmm2 produces empty PAF (0 records, exit 0). Real DRS reads with ts: tag map with IDENTITY QNAMEs (bare UUID from PAF field[0]).
gapmm2	wrapped	Less-than in QNAME	(synthetic)	0_records	DROPPED		Rectify run_gapmm2 wrapper; _clean_fastq strips FASTQ comments before gapmm2 invocation. Synthetic reads lack ts:A:+/- strand tag; gapmm2 produces empty PAF (0 records, exit 0). Real DRS reads with ts: tag map with IDENTITY QNAMEs (bare UUID from PAF field[0]).
gapmm2	wrapped	Greater-than in QNAME	(synthetic)	0_records	DROPPED		Rectify run_gapmm2 wrapper; _clean_fastq strips FASTQ comments before gapmm2 invocation. Synthetic reads lack ts:A:+/- strand tag; gapmm2 produces empty PAF (0 records, exit 0). Real DRS reads with ts: tag map with IDENTITY QNAMEs (bare UUID from PAF field[0]).
gapmm2	wrapped	Question mark in QNAME	(synthetic)	0_records	DROPPED		Rectify run_gapmm2 wrapper; _clean_fastq strips FASTQ comments before gapmm2 invocation. Synthetic reads lack ts:A:+/- strand tag; gapmm2 produces empty PAF (0 records, exit 0). Real DRS reads with ts: tag map with IDENTITY QNAMEs (bare UUID from PAF field[0]).
gapmm2	wrapped	Exclamation mark in QNAME	(synthetic)	0_records	DROPPED		Rectify run_gapmm2 wrapper; _clean_fastq strips FASTQ comments before gapmm2 invocation. Synthetic reads lack ts:A:+/- strand tag; gapmm2 produces empty PAF (0 records, exit 0). Real DRS reads with ts: tag map with IDENTITY QNAMEs (bare UUID from PAF field[0]).
gapmm2	wrapped	Tilde in QNAME	(synthetic)	0_records	DROPPED		Rectify run_gapmm2 wrapper; _clean_fastq strips FASTQ comments before gapmm2 invocation. Synthetic reads lack ts:A:+/- strand tag; gapmm2 produces empty PAF (0 records, exit 0). Real DRS reads with ts: tag map with IDENTITY QNAMEs (bare UUID from PAF field[0]).
gapmm2	wrapped	Caret in QNAME	(synthetic)	0_records	DROPPED		Rectify run_gapmm2 wrapper; _clean_fastq strips FASTQ comments before gapmm2 invocation. Synthetic reads lack ts:A:+/- strand tag; gapmm2 produces empty PAF (0 records, exit 0). Real DRS reads with ts: tag map with IDENTITY QNAMEs (bare UUID from PAF field[0]).
gapmm2	wrapped	Ampersand in QNAME	(synthetic)	0_records	DROPPED		Rectify run_gapmm2 wrapper; _clean_fastq strips FASTQ comments before gapmm2 invocation. Synthetic reads lack ts:A:+/- strand tag; gapmm2 produces empty PAF (0 records, exit 0). Real DRS reads with ts: tag map with IDENTITY QNAMEs (bare UUID from PAF field[0]).
gapmm2	wrapped	Percent in QNAME	(synthetic)	0_records	DROPPED		Rectify run_gapmm2 wrapper; _clean_fastq strips FASTQ comments before gapmm2 invocation. Synthetic reads lack ts:A:+/- strand tag; gapmm2 produces empty PAF (0 records, exit 0). Real DRS reads with ts: tag map with IDENTITY QNAMEs (bare UUID from PAF field[0]).
gapmm2	wrapped	Dollar in QNAME	(synthetic)	0_records	DROPPED		Rectify run_gapmm2 wrapper; _clean_fastq strips FASTQ comments before gapmm2 invocation. Synthetic reads lack ts:A:+/- strand tag; gapmm2 produces empty PAF (0 records, exit 0). Real DRS reads with ts: tag map with IDENTITY QNAMEs (bare UUID from PAF field[0]).
gapmm2	wrapped	Single quote in QNAME	(synthetic)	0_records	DROPPED		Rectify run_gapmm2 wrapper; _clean_fastq strips FASTQ comments before gapmm2 invocation. Synthetic reads lack ts:A:+/- strand tag; gapmm2 produces empty PAF (0 records, exit 0). Real DRS reads with ts: tag map with IDENTITY QNAMEs (bare UUID from PAF field[0]).
gapmm2	wrapped	Double quote in QNAME	(synthetic)	0_records	DROPPED		Rectify run_gapmm2 wrapper; _clean_fastq strips FASTQ comments before gapmm2 invocation. Synthetic reads lack ts:A:+/- strand tag; gapmm2 produces empty PAF (0 records, exit 0). Real DRS reads with ts: tag map with IDENTITY QNAMEs (bare UUID from PAF field[0]).
gapmm2	wrapped	Backtick in QNAME	(synthetic)	0_records	DROPPED		Rectify run_gapmm2 wrapper; _clean_fastq strips FASTQ comments before gapmm2 invocation. Synthetic reads lack ts:A:+/- strand tag; gapmm2 produces empty PAF (0 records, exit 0). Real DRS reads with ts: tag map with IDENTITY QNAMEs (bare UUID from PAF field[0]).
gapmm2	wrapped	1-char QNAME	(synthetic)	0_records	DROPPED		Rectify run_gapmm2 wrapper; _clean_fastq strips FASTQ comments before gapmm2 invocation. Synthetic reads lack ts:A:+/- strand tag; gapmm2 produces empty PAF (0 records, exit 0). Real DRS reads with ts: tag map with IDENTITY QNAMEs (bare UUID from PAF field[0]).
gapmm2	wrapped	36-char UUID (typical Dorado)	(synthetic)	0_records	DROPPED		Rectify run_gapmm2 wrapper; _clean_fastq strips FASTQ comments before gapmm2 invocation. Synthetic reads lack ts:A:+/- strand tag; gapmm2 produces empty PAF (0 records, exit 0). Real DRS reads with ts: tag map with IDENTITY QNAMEs (bare UUID from PAF field[0]).
gapmm2	wrapped	100-char QNAME	(synthetic)	0_records	DROPPED		Rectify run_gapmm2 wrapper; _clean_fastq strips FASTQ comments before gapmm2 invocation. Synthetic reads lack ts:A:+/- strand tag; gapmm2 produces empty PAF (0 records, exit 0). Real DRS reads with ts: tag map with IDENTITY QNAMEs (bare UUID from PAF field[0]).
gapmm2	wrapped	254-char QNAME (SAM spec limit)	(synthetic)	0_records	DROPPED		Rectify run_gapmm2 wrapper; _clean_fastq strips FASTQ comments before gapmm2 invocation. Synthetic reads lack ts:A:+/- strand tag; gapmm2 produces empty PAF (0 records, exit 0). Real DRS reads with ts: tag map with IDENTITY QNAMEs (bare UUID from PAF field[0]).
gapmm2	wrapped	Numeric-only QNAME	(synthetic)	0_records	DROPPED		Rectify run_gapmm2 wrapper; _clean_fastq strips FASTQ comments before gapmm2 invocation. Synthetic reads lack ts:A:+/- strand tag; gapmm2 produces empty PAF (0 records, exit 0). Real DRS reads with ts: tag map with IDENTITY QNAMEs (bare UUID from PAF field[0]).
gapmm2	wrapped	Leading-zeros QNAME	(synthetic)	0_records	DROPPED		Rectify run_gapmm2 wrapper; _clean_fastq strips FASTQ comments before gapmm2 invocation. Synthetic reads lack ts:A:+/- strand tag; gapmm2 produces empty PAF (0 records, exit 0). Real DRS reads with ts: tag map with IDENTITY QNAMEs (bare UUID from PAF field[0]).
gapmm2	wrapped	Leading-dash QNAME (CLI hazard)	(synthetic)	0_records	DROPPED		Rectify run_gapmm2 wrapper; _clean_fastq strips FASTQ comments before gapmm2 invocation. Synthetic reads lack ts:A:+/- strand tag; gapmm2 produces empty PAF (0 records, exit 0). Real DRS reads with ts: tag map with IDENTITY QNAMEs (bare UUID from PAF field[0]).
gapmm2	wrapped	Negative-looking QNAME	(synthetic)	0_records	DROPPED		Rectify run_gapmm2 wrapper; _clean_fastq strips FASTQ comments before gapmm2 invocation. Synthetic reads lack ts:A:+/- strand tag; gapmm2 produces empty PAF (0 records, exit 0). Real DRS reads with ts: tag map with IDENTITY QNAMEs (bare UUID from PAF field[0]).
gapmm2	wrapped	Uppercase UUID	(synthetic)	0_records	DROPPED		Rectify run_gapmm2 wrapper; _clean_fastq strips FASTQ comments before gapmm2 invocation. Synthetic reads lack ts:A:+/- strand tag; gapmm2 produces empty PAF (0 records, exit 0). Real DRS reads with ts: tag map with IDENTITY QNAMEs (bare UUID from PAF field[0]).
gapmm2	wrapped	First occurrence of duplicate QNAME	(synthetic)	0_records	DROPPED		Rectify run_gapmm2 wrapper; _clean_fastq strips FASTQ comments before gapmm2 invocation. Synthetic reads lack ts:A:+/- strand tag; gapmm2 produces empty PAF (0 records, exit 0). Real DRS reads with ts: tag map with IDENTITY QNAMEs (bare UUID from PAF field[0]).
gapmm2	wrapped	Second occurrence of duplicate QNAME (different comment)	(synthetic)	0_records	DROPPED		Rectify run_gapmm2 wrapper; _clean_fastq strips FASTQ comments before gapmm2 invocation. Synthetic reads lack ts:A:+/- strand tag; gapmm2 produces empty PAF (0 records, exit 0). Real DRS reads with ts: tag map with IDENTITY QNAMEs (bare UUID from PAF field[0]).
gapmm2	wrapped	QNAME containing literal @	(synthetic)	0_records	DROPPED		Rectify run_gapmm2 wrapper; _clean_fastq strips FASTQ comments before gapmm2 invocation. Synthetic reads lack ts:A:+/- strand tag; gapmm2 produces empty PAF (0 records, exit 0). Real DRS reads with ts: tag map with IDENTITY QNAMEs (bare UUID from PAF field[0]).
gapmm2	wrapped	256-char QNAME (over SAM 254-char limit)	(synthetic)	N/A	N/A		256-char QNAME body; no ts: tag so 0 records. If mapped: raw passes 256-char QNAME to PAF (pysam may reject); wrapped: _clean_fastq strips comment, 256-char bare QNAME body passes through.
gapmm2	wrapped	1024-char QNAME (way over limit)	(synthetic)	N/A	N/A		1024-char QNAME body; no ts: tag so 0 records. If mapped: raw passes 1024-char QNAME to PAF (pysam rejects); wrapped: _clean_fastq strips comment, 1024-char bare QNAME body passes through.
gapmm2	wrapped	QNAME with NUL byte (\x00)	(synthetic)	N/A	N/A		NUL byte in QNAME body; no ts: tag so 0 records. If mapped: str.split() stops at whitespace not NUL; NUL in QNAME body passes to PAF.
splice_aware_5prime	note	all	N/A	N/A	IDENTITY		splice_aware_5prime is the rectify run_minimap2 wrapper (-ax splice -uf -k14 -y). Not a separate binary — the name refers to splice_aware_5prime.py (post-consensus CIGAR surgery, Module 2F). QNAME behavior identical to minimap2 (wrapped) = IDENTITY for all test cases.
