# platform=qsrev	error_profile_qsrev_20260517 wt_R1+wt_R2 (BY4742 QSrev (QuantSeq-REV), Illumina; PRJNA906143; aligners bbmap/bwa; M-tracked)
# rate = op_count / (M+D+X) at that (base_class, hp_length); absolute, identical metric across platforms
op_type	base_class	hp_length	count	total_positions	rate
D	AT	1	53568	166182415	0.000322
I	AT	1	730	166182415	0.000004
X	AT	1	873341	166182415	0.005255
D	AT	2	23981	112012269	0.000214
I	AT	2	2746	112012269	0.000025
X	AT	2	639142	112012269	0.005706
D	AT	3	20773	74917629	0.000277
I	AT	3	994	74917629	0.000013
X	AT	3	480782	74917629	0.006417
D	AT	4	9468	39346330	0.000241
I	AT	4	3579	39346330	0.000091
X	AT	4	247092	39346330	0.006280
D	AT	5	5974	21411111	0.000279
I	AT	5	825	21411111	0.000039
X	AT	5	146450	21411111	0.006840
D	AT	6	3504	9718372	0.000361
I	AT	6	3047	9718372	0.000314
X	AT	6	62132	9718372	0.006393
D	AT	7	3712	5302653	0.000700
I	AT	7	3519	5302653	0.000664
X	AT	7	33185	5302653	0.006258
D	AT	8	4842	3727181	0.001299
I	AT	8	5400	3727181	0.001449
X	AT	8	22383	3727181	0.006005
D	AT	9	3130	1179012	0.002655
I	AT	9	6324	1179012	0.005364
X	AT	9	5943	1179012	0.005041
D	AT	10	3113	674601	0.004615
I	AT	10	1562	674601	0.002315
X	AT	10	3527	674601	0.005228
D	AT	11	2422	460576	0.005259
I	AT	11	1477	460576	0.003207
X	AT	11	3303	460576	0.007171
D	AT	12	1725	231954	0.007437
I	AT	12	519	231954	0.002238
X	AT	12	605	231954	0.002608
D	AT	13	4630	264750	0.017488
I	AT	13	715	264750	0.002701
X	AT	13	475	264750	0.001794
D	AT	14	612	58733	0.010420
I	AT	14	206	58733	0.003507
X	AT	14	152	58733	0.002588
D	AT	15	1481	153478	0.009650
I	AT	15	587	153478	0.003825
X	AT	15	692	153478	0.004509
D	CG	1	8916	111490012	0.000080
I	CG	1	1348	111490012	0.000012
X	CG	1	236647	111490012	0.002123
D	CG	2	1465	25973089	0.000056
I	CG	2	156	25973089	0.000006
X	CG	2	63906	25973089	0.002460
D	CG	3	338	5056081	0.000067
I	CG	3	65	5056081	0.000013
X	CG	3	13238	5056081	0.002618
D	CG	4	47	875781	0.000054
I	CG	4	14	875781	0.000016
X	CG	4	2013	875781	0.002299
D	CG	5	24	183506	0.000131
I	CG	5	2	183506	0.000011
X	CG	5	335	183506	0.001826
D	CG	6	11	27487	0.000400
I	CG	6	0	27487	0.000000
X	CG	6	77	27487	0.002801
D	CG	7	4	11597	0.000345
I	CG	7	0	11597	0.000000
X	CG	7	85	11597	0.007329
D	CG	8	3	289	0.010381
I	CG	8	0	289	0.000000
X	CG	8	0	289	0.000000
D	CG	9	2	50	0.040000
I	CG	9	0	50	0.000000
X	CG	9	0	50	0.000000
D	CG	10	0	14	0.000000
I	CG	10	0	14	0.000000
X	CG	10	0	14	0.000000
D	CG	11	0	0	
I	CG	11	0	0	
X	CG	11	0	0	
D	CG	12	0	0	
I	CG	12	0	0	
X	CG	12	0	0	
D	CG	13	0	0	
I	CG	13	0	0	
X	CG	13	0	0	
D	CG	14	0	0	
I	CG	14	0	0	
X	CG	14	0	0	
D	CG	15	0	0	
I	CG	15	0	0	
X	CG	15	0	0	
