# platform=drs	by4742 RNA004 (rna004_130bps_hac@v5.2.0), v3 set1 wt_by4742 rep1-3, 5-aligner consensus, 21 chunks, job 27113242; M-tracked
# rate = op_count / (M+D+X); absolute, identical metric to error_rates_{cdna,qsrev}.tsv
op_type	base_class	hp_length	count	total_positions	rate
D	AT	1	8160882	1513066835	0.005394
I	AT	1	1738667	1513066835	0.001149
X	AT	1	3573567	1513066835	0.002362
D	AT	2	7385418	1320736718	0.005592
I	AT	2	4576724	1320736718	0.003465
X	AT	2	3508636	1320736718	0.002657
D	AT	3	4801347	586733720	0.008183
I	AT	3	3861857	586733720	0.006582
X	AT	3	1957646	586733720	0.003337
D	AT	4	3401280	248386980	0.013693
I	AT	4	1836431	248386980	0.007393
X	AT	4	917862	248386980	0.003695
D	AT	5	1852885	92804289	0.019966
I	AT	5	747457	92804289	0.008054
X	AT	5	302628	92804289	0.003261
D	AT	6	1061268	36149036	0.029358
I	AT	6	354206	36149036	0.009798
X	AT	6	107344	36149036	0.002969
D	AT	7	700196	16537543	0.042340
I	AT	7	128288	16537543	0.007757
X	AT	7	41797	16537543	0.002527
D	AT	8	483698	6669595	0.072523
I	AT	8	48609	6669595	0.007288
X	AT	8	12622	6669595	0.001892
D	AT	9	215669	2602624	0.082866
I	AT	9	14144	2602624	0.005435
X	AT	9	4339	2602624	0.001667
D	AT	10	170047	1739331	0.097766
I	AT	10	7052	1739331	0.004054
X	AT	10	2501	1739331	0.001438
D	AT	11	139925	1586570	0.088193
I	AT	11	4820	1586570	0.003038
X	AT	11	1335	1586570	0.000841
D	AT	12	136645	1077598	0.126805
I	AT	12	2165	1077598	0.002009
X	AT	12	818	1077598	0.000759
D	AT	13	68184	449151	0.151806
I	AT	13	1187	449151	0.002643
X	AT	13	247	449151	0.000550
D	AT	14	37738	271478	0.139009
I	AT	14	501	271478	0.001845
X	AT	14	114	271478	0.000420
D	AT	15	49241	364972	0.134917
I	AT	15	341	364972	0.000934
X	AT	15	210	364972	0.000575
D	CG	1	8967862	1538755855	0.005828
I	CG	1	2535940	1538755855	0.001648
X	CG	1	6735024	1538755855	0.004377
D	CG	2	3633545	804229879	0.004518
I	CG	2	1843741	804229879	0.002293
X	CG	2	1441507	804229879	0.001792
D	CG	3	1031934	159380631	0.006475
I	CG	3	560176	159380631	0.003515
X	CG	3	350175	159380631	0.002197
D	CG	4	396730	31728618	0.012504
I	CG	4	141502	31728618	0.004460
X	CG	4	77107	31728618	0.002430
D	CG	5	110194	4314351	0.025541
I	CG	5	19474	4314351	0.004514
X	CG	5	13604	4314351	0.003153
D	CG	6	42423	755237	0.056172
I	CG	6	2759	755237	0.003653
X	CG	6	2936	755237	0.003888
D	CG	7	9089	104755	0.086764
I	CG	7	368	104755	0.003513
X	CG	7	363	104755	0.003465
D	CG	8	6675	43701	0.152743
I	CG	8	65	43701	0.001487
X	CG	8	149	43701	0.003410
D	CG	9	3689	17811	0.207119
I	CG	9	46	17811	0.002583
X	CG	9	21	17811	0.001179
D	CG	10	108	1016	0.106299
I	CG	10	11	1016	0.010827
X	CG	10	3	1016	0.002953
D	CG	11	941	4534	0.207543
I	CG	11	5	4534	0.001103
X	CG	11	0	4534	0.000000
D	CG	12	0	0	
I	CG	12	0	0	
X	CG	12	0	0	
D	CG	13	0	0	
I	CG	13	0	0	
X	CG	13	0	0	
D	CG	14	71	1544	0.045984
I	CG	14	48	1544	0.031088
X	CG	14	3	1544	0.001943
D	CG	15	0	0	
I	CG	15	0	0	
X	CG	15	0	0	
