op_type	base_class	hp_length	rate_mean	count_total	penalty_score	low_count
D	AT	1	0.0003	53568.0000	10.0000	False
D	AT	2	0.0003	23981.0000	10.0000	False
D	AT	3	0.0003	20773.0000	10.0000	False
D	AT	4	0.0003	9468.0000	10.0000	False
D	AT	5	0.0003	5974.0000	10.0000	False
D	AT	6	0.0004	3504.0000	10.0000	False
D	AT	7	0.0007	3712.0000	7.4258	False
D	AT	8	0.0014	4842.0000	3.7168	False
D	AT	9	0.0029	3130.0000	1.7966	False
D	AT	10	0.0046	3113.0000	1.1342	False
D	AT	11	0.0063	2422.0000	0.8383	False
D	AT	12	0.0083	1725.0000	0.6350	False
D	AT	13	0.0144	4630.0000	0.3650	False
D	AT	14	0.0144	612.0000	0.3650	False
D	AT	15	0.0144	1481.0000	0.3650	False
D	AT	16	0.0144	633.0000	0.3650	False
D	AT	17	0.0144	73.0000	0.3650	False
D	AT	18	0.0144	61.0000	0.3650	False
D	AT	19	0.0144	38.0000	0.3650	True
D	AT	20	0.0161	34.0000	0.3268	True
D	CG	1	0.0001	8916.0000	10.0000	False
D	CG	2	0.0001	1465.0000	10.0000	False
D	CG	3	0.0001	338.0000	10.0000	False
D	CG	4	0.0001	47.0000	10.0000	True
D	CG	5	0.0001	24.0000	10.0000	True
D	CG	6	0.0004	11.0000	5.1786	True
D	CG	7	0.0008	4.0000	2.7755	True
D	CG	8	0.0326	3.0000	0.0655	True
D	CG	9	0.2222	2.0000	0.0096	True
I	AT	1	0.0000	730.0000	1.2500	False
I	AT	2	0.0000	2746.0000	0.2238	False
I	AT	3	0.0000	994.0000	0.3890	False
I	AT	4	0.0001	3579.0000	0.0383	False
I	AT	5	0.0000	825.0000	0.1406	False
I	AT	6	0.0003	3047.0000	0.0173	False
I	AT	7	0.0007	3519.0000	0.0083	False
I	AT	8	0.0015	5400.0000	0.0035	False
I	AT	9	0.0080	6324.0000	0.0007	False
I	AT	10	0.0023	1562.0000	0.0024	False
I	AT	11	0.0032	1477.0000	0.0017	False
I	AT	12	0.0023	519.0000	0.0024	False
I	AT	13	0.0027	715.0000	0.0020	False
I	AT	14	0.0036	206.0000	0.0015	False
I	AT	15	0.0050	587.0000	0.0011	False
I	AT	16	0.0081	547.0000	0.0007	False
I	AT	17	0.0026	17.0000	0.0021	True
I	AT	18	0.0017	5.0000	0.0033	True
I	AT	19	0.0023	7.0000	0.0023	True
I	AT	20	0.0016	3.0000	0.0035	True
I	CG	1	0.0000	1348.0000	1.2500	False
I	CG	2	0.0000	156.0000	2.6315	False
I	CG	3	0.0000	65.0000	1.0745	False
I	CG	4	0.0000	14.0000	1.0674	True
I	CG	5	0.0000	2.0000	0.5023	True
M	AT	1	0.9944	165255506.0000	0.0053	False
M	AT	2	0.9941	111349146.0000	0.0053	False
M	AT	3	0.9933	74416074.0000	0.0053	False
M	AT	4	0.9935	39089770.0000	0.0053	False
M	AT	5	0.9929	21258687.0000	0.0053	False
M	AT	6	0.9932	9652736.0000	0.0053	False
M	AT	7	0.9930	5265756.0000	0.0053	False
M	AT	8	0.9927	3699956.0000	0.0053	False
M	AT	9	0.9923	1169939.0000	0.0053	False
M	AT	10	0.9902	667961.0000	0.0053	False
M	AT	11	0.9876	454851.0000	0.0053	False
M	AT	12	0.9900	229624.0000	0.0053	False
M	AT	13	0.9809	259645.0000	0.0054	False
M	AT	14	0.9870	57969.0000	0.0053	False
M	AT	15	0.9859	151305.0000	0.0053	False
M	AT	16	0.9835	82291.0000	0.0053	False
M	AT	17	0.9872	6545.0000	0.0053	False
M	AT	18	0.9797	3178.0000	0.0054	False
M	AT	19	0.9922	6134.0000	0.0053	False
M	AT	20	0.9889	3173.0000	0.0053	False
M	CG	1	0.9978	111244449.0000	0.0021	False
M	CG	2	0.9975	25907718.0000	0.0021	False
M	CG	3	0.9973	5042505.0000	0.0021	False
M	CG	4	0.9976	873721.0000	0.0021	False
M	CG	5	0.9980	183147.0000	0.0021	False
M	CG	6	0.9968	27399.0000	0.0021	False
M	CG	7	0.9923	11508.0000	0.0022	False
M	CG	8	0.9899	286.0000	0.0022	False
M	CG	9	0.9676	48.0000	0.0022	True
M	CG	10	1.0000	14.0000	0.0021	True
X	AT	1	0.0053	873341.0000	1.0000	False
X	AT	2	0.0057	639142.0000	0.9178	False
X	AT	3	0.0064	480782.0000	0.8188	False
X	AT	4	0.0063	247092.0000	0.8367	False
X	AT	5	0.0069	146450.0000	0.7568	False
X	AT	6	0.0064	62132.0000	0.8214	False
X	AT	7	0.0063	33185.0000	0.8394	False
X	AT	8	0.0060	22383.0000	0.8724	False
X	AT	9	0.0052	5943.0000	1.0179	False
X	AT	10	0.0054	3527.0000	0.9757	False
X	AT	11	0.0090	3303.0000	0.5845	False
X	AT	12	0.0026	605.0000	2.0147	False
X	AT	13	0.0020	475.0000	2.6652	False
X	AT	14	0.0026	152.0000	2.0303	False
X	AT	15	0.0049	692.0000	1.0779	False
X	AT	16	0.0107	753.0000	0.4898	False
X	AT	17	0.0031	12.0000	1.6900	True
X	AT	18	0.0034	5.0000	1.5303	True
X	AT	19	0.0055	10.0000	0.9595	True
X	AT	20	0.0021	2.0000	2.4520	True
X	CG	1	0.0021	236647.0000	1.0000	False
X	CG	2	0.0025	63906.0000	0.8660	False
X	CG	3	0.0027	13238.0000	0.8059	False
X	CG	4	0.0023	2013.0000	0.9153	False
X	CG	5	0.0019	335.0000	1.1516	False
X	CG	6	0.0029	77.0000	0.7360	False
X	CG	7	0.0084	85.0000	0.2543	False
